<?xml version="1.0" encoding="UTF-8"?>
<gpx version="1.1" creator="lost-soles-equivalence-fixture" xmlns="http://www.topografix.com/GPX/1/1">
  <metadata><time>2024-03-25T01:28:48Z</time></metadata>
  <trk>
    <name>equivalence run</name>
    <trkseg>
      <trkpt lat="-48.87600" lon="-123.39300"><ele>5.6</ele><time>2024-03-25T01:28:48Z</time></trkpt>
      <trkpt lat="-48.87601" lon="-123.39299"><ele>5.6</ele><time>2024-03-25T01:28:49Z</time></trkpt>
      <trkpt lat="-48.87603" lon="-123.39298"><ele>5.6</ele><time>2024-03-25T01:28:50Z</time></trkpt>
      <trkpt lat="-48.87605" lon="-123.39297"><ele>5.6</ele><time>2024-03-25T01:28:51Z</time></trkpt>
      <trkpt lat="-48.87606" lon="-123.39296"><ele>5.6</ele><time>2024-03-25T01:28:52Z</time></trkpt>
      <trkpt lat="-48.87609" lon="-123.39295"><ele>5.6</ele><time>2024-03-25T01:28:53Z</time></trkpt>
      <trkpt lat="-48.87613" lon="-123.39293"><ele>5.6</ele><time>2024-03-25T01:28:54Z</time></trkpt>
      <trkpt lat="-48.87616" lon="-123.39292"><ele>5.6</ele><time>2024-03-25T01:28:55Z</time></trkpt>
      <trkpt lat="-48.87617" lon="-123.39291"><ele>5.6</ele><time>2024-03-25T01:28:56Z</time></trkpt>
      <trkpt lat="-48.87619" lon="-123.39291"><ele>5.6</ele><time>2024-03-25T01:28:57Z</time></trkpt>
      <trkpt lat="-48.87620" lon="-123.39290"><ele>5.6</ele><time>2024-03-25T01:28:58Z</time></trkpt>
      <trkpt lat="-48.87622" lon="-123.39289"><ele>5.6</ele><time>2024-03-25T01:28:59Z</time></trkpt>
      <trkpt lat="-48.87623" lon="-123.39289"><ele>5.6</ele><time>2024-03-25T01:29:00Z</time></trkpt>
      <trkpt lat="-48.87624" lon="-123.39289"><ele>5.6</ele><time>2024-03-25T01:29:01Z</time></trkpt>
      <trkpt lat="-48.87626" lon="-123.39288"><ele>5.6</ele><time>2024-03-25T01:29:02Z</time></trkpt>
      <trkpt lat="-48.87627" lon="-123.39287"><ele>5.6</ele><time>2024-03-25T01:29:03Z</time></trkpt>
      <trkpt lat="-48.87628" lon="-123.39287"><ele>5.6</ele><time>2024-03-25T01:29:04Z</time></trkpt>
      <trkpt lat="-48.87629" lon="-123.39287"><ele>5.6</ele><time>2024-03-25T01:29:05Z</time></trkpt>
      <trkpt lat="-48.87630" lon="-123.39286"><ele>5.6</ele><time>2024-03-25T01:29:06Z</time></trkpt>
      <trkpt lat="-48.87631" lon="-123.39286"><ele>5.6</ele><time>2024-03-25T01:29:07Z</time></trkpt>
      <trkpt lat="-48.87632" lon="-123.39285"><ele>5.6</ele><time>2024-03-25T01:29:08Z</time></trkpt>
      <trkpt lat="-48.87632" lon="-123.39285"><ele>5.6</ele><time>2024-03-25T01:29:09Z</time></trkpt>
      <trkpt lat="-48.87633" lon="-123.39285"><ele>5.6</ele><time>2024-03-25T01:29:10Z</time></trkpt>
      <trkpt lat="-48.87634" lon="-123.39285"><ele>5.6</ele><time>2024-03-25T01:29:11Z</time></trkpt>
      <trkpt lat="-48.87637" lon="-123.39284"><ele>5.6</ele><time>2024-03-25T01:29:12Z</time></trkpt>
      <trkpt lat="-48.87638" lon="-123.39284"><ele>5.6</ele><time>2024-03-25T01:29:13Z</time></trkpt>
      <trkpt lat="-48.87639" lon="-123.39283"><ele>5.5</ele><time>2024-03-25T01:29:14Z</time></trkpt>
      <trkpt lat="-48.87640" lon="-123.39283"><ele>5.5</ele><time>2024-03-25T01:29:15Z</time></trkpt>
      <trkpt lat="-48.87642" lon="-123.39283"><ele>5.5</ele><time>2024-03-25T01:29:16Z</time></trkpt>
      <trkpt lat="-48.87644" lon="-123.39283"><ele>5.5</ele><time>2024-03-25T01:29:18Z</time></trkpt>
      <trkpt lat="-48.87647" lon="-123.39282"><ele>5.4</ele><time>2024-03-25T01:29:19Z</time></trkpt>
      <trkpt lat="-48.87649" lon="-123.39281"><ele>5.4</ele><time>2024-03-25T01:29:20Z</time></trkpt>
      <trkpt lat="-48.87656" lon="-123.39281"><ele>5.3</ele><time>2024-03-25T01:29:21Z</time></trkpt>
      <trkpt lat="-48.87661" lon="-123.39281"><ele>5.3</ele><time>2024-03-25T01:29:22Z</time></trkpt>
      <trkpt lat="-48.87665" lon="-123.39281"><ele>5.3</ele><time>2024-03-25T01:29:23Z</time></trkpt>
      <trkpt lat="-48.87669" lon="-123.39282"><ele>5.3</ele><time>2024-03-25T01:29:24Z</time></trkpt>
      <trkpt lat="-48.87673" lon="-123.39283"><ele>5.3</ele><time>2024-03-25T01:29:25Z</time></trkpt>
      <trkpt lat="-48.87676" lon="-123.39283"><ele>5.3</ele><time>2024-03-25T01:29:26Z</time></trkpt>
      <trkpt lat="-48.87679" lon="-123.39284"><ele>5.3</ele><time>2024-03-25T01:29:27Z</time></trkpt>
      <trkpt lat="-48.87683" lon="-123.39285"><ele>5.3</ele><time>2024-03-25T01:29:28Z</time></trkpt>
      <trkpt lat="-48.87687" lon="-123.39285"><ele>5.3</ele><time>2024-03-25T01:29:29Z</time></trkpt>
      <trkpt lat="-48.87689" lon="-123.39285"><ele>5.3</ele><time>2024-03-25T01:29:30Z</time></trkpt>
      <trkpt lat="-48.87693" lon="-123.39287"><ele>5.3</ele><time>2024-03-25T01:29:31Z</time></trkpt>
      <trkpt lat="-48.87696" lon="-123.39288"><ele>5.3</ele><time>2024-03-25T01:29:32Z</time></trkpt>
      <trkpt lat="-48.87700" lon="-123.39290"><ele>5.3</ele><time>2024-03-25T01:29:33Z</time></trkpt>
      <trkpt lat="-48.87702" lon="-123.39290"><ele>5.3</ele><time>2024-03-25T01:29:34Z</time></trkpt>
      <trkpt lat="-48.87705" lon="-123.39292"><ele>5.3</ele><time>2024-03-25T01:29:35Z</time></trkpt>
      <trkpt lat="-48.87709" lon="-123.39293"><ele>5.3</ele><time>2024-03-25T01:29:36Z</time></trkpt>
      <trkpt lat="-48.87713" lon="-123.39295"><ele>5.3</ele><time>2024-03-25T01:29:37Z</time></trkpt>
      <trkpt lat="-48.87716" lon="-123.39296"><ele>5.3</ele><time>2024-03-25T01:29:38Z</time></trkpt>
      <trkpt lat="-48.87719" lon="-123.39297"><ele>5.3</ele><time>2024-03-25T01:29:39Z</time></trkpt>
      <trkpt lat="-48.87721" lon="-123.39299"><ele>5.3</ele><time>2024-03-25T01:29:40Z</time></trkpt>
      <trkpt lat="-48.87725" lon="-123.39301"><ele>5.3</ele><time>2024-03-25T01:29:41Z</time></trkpt>
      <trkpt lat="-48.87728" lon="-123.39302"><ele>5.3</ele><time>2024-03-25T01:29:42Z</time></trkpt>
      <trkpt lat="-48.87731" lon="-123.39303"><ele>5.3</ele><time>2024-03-25T01:29:43Z</time></trkpt>
      <trkpt lat="-48.87734" lon="-123.39303"><ele>5.3</ele><time>2024-03-25T01:29:44Z</time></trkpt>
      <trkpt lat="-48.87738" lon="-123.39304"><ele>5.3</ele><time>2024-03-25T01:29:45Z</time></trkpt>
      <trkpt lat="-48.87739" lon="-123.39305"><ele>5.3</ele><time>2024-03-25T01:29:46Z</time></trkpt>
      <trkpt lat="-48.87742" lon="-123.39306"><ele>5.4</ele><time>2024-03-25T01:29:47Z</time></trkpt>
      <trkpt lat="-48.87747" lon="-123.39308"><ele>5.4</ele><time>2024-03-25T01:29:49Z</time></trkpt>
      <trkpt lat="-48.87750" lon="-123.39310"><ele>5.4</ele><time>2024-03-25T01:29:50Z</time></trkpt>
      <trkpt lat="-48.87751" lon="-123.39310"><ele>5.5</ele><time>2024-03-25T01:29:51Z</time></trkpt>
      <trkpt lat="-48.87754" lon="-123.39312"><ele>5.6</ele><time>2024-03-25T01:29:52Z</time></trkpt>
      <trkpt lat="-48.87757" lon="-123.39313"><ele>5.5</ele><time>2024-03-25T01:29:53Z</time></trkpt>
      <trkpt lat="-48.87761" lon="-123.39315"><ele>5.3</ele><time>2024-03-25T01:29:54Z</time></trkpt>
      <trkpt lat="-48.87763" lon="-123.39316"><ele>5.3</ele><time>2024-03-25T01:29:55Z</time></trkpt>
      <trkpt lat="-48.87765" lon="-123.39317"><ele>5.3</ele><time>2024-03-25T01:29:56Z</time></trkpt>
      <trkpt lat="-48.87768" lon="-123.39317"><ele>5.3</ele><time>2024-03-25T01:29:57Z</time></trkpt>
      <trkpt lat="-48.87772" lon="-123.39319"><ele>5.3</ele><time>2024-03-25T01:29:58Z</time></trkpt>
      <trkpt lat="-48.87777" lon="-123.39319"><ele>5.4</ele><time>2024-03-25T01:30:00Z</time></trkpt>
      <trkpt lat="-48.87780" lon="-123.39320"><ele>5.4</ele><time>2024-03-25T01:30:01Z</time></trkpt>
      <trkpt lat="-48.87783" lon="-123.39320"><ele>5.5</ele><time>2024-03-25T01:30:02Z</time></trkpt>
      <trkpt lat="-48.87786" lon="-123.39320"><ele>5.5</ele><time>2024-03-25T01:30:03Z</time></trkpt>
      <trkpt lat="-48.87789" lon="-123.39320"><ele>5.5</ele><time>2024-03-25T01:30:04Z</time></trkpt>
      <trkpt lat="-48.87793" lon="-123.39320"><ele>5.5</ele><time>2024-03-25T01:30:05Z</time></trkpt>
      <trkpt lat="-48.87795" lon="-123.39319"><ele>5.5</ele><time>2024-03-25T01:30:06Z</time></trkpt>
      <trkpt lat="-48.87797" lon="-123.39319"><ele>5.6</ele><time>2024-03-25T01:30:07Z</time></trkpt>
      <trkpt lat="-48.87801" lon="-123.39318"><ele>5.6</ele><time>2024-03-25T01:30:08Z</time></trkpt>
      <trkpt lat="-48.87804" lon="-123.39317"><ele>5.6</ele><time>2024-03-25T01:30:09Z</time></trkpt>
      <trkpt lat="-48.87808" lon="-123.39317"><ele>5.6</ele><time>2024-03-25T01:30:10Z</time></trkpt>
      <trkpt lat="-48.87810" lon="-123.39316"><ele>5.6</ele><time>2024-03-25T01:30:11Z</time></trkpt>
      <trkpt lat="-48.87813" lon="-123.39315"><ele>5.7</ele><time>2024-03-25T01:30:12Z</time></trkpt>
      <trkpt lat="-48.87814" lon="-123.39315"><ele>5.7</ele><time>2024-03-25T01:30:13Z</time></trkpt>
      <trkpt lat="-48.87817" lon="-123.39314"><ele>5.7</ele><time>2024-03-25T01:30:14Z</time></trkpt>
      <trkpt lat="-48.87823" lon="-123.39313"><ele>5.7</ele><time>2024-03-25T01:30:16Z</time></trkpt>
      <trkpt lat="-48.87829" lon="-123.39314"><ele>5.7</ele><time>2024-03-25T01:30:18Z</time></trkpt>
      <trkpt lat="-48.87832" lon="-123.39315"><ele>5.6</ele><time>2024-03-25T01:30:19Z</time></trkpt>
      <trkpt lat="-48.87835" lon="-123.39315"><ele>5.6</ele><time>2024-03-25T01:30:20Z</time></trkpt>
      <trkpt lat="-48.87837" lon="-123.39316"><ele>5.6</ele><time>2024-03-25T01:30:21Z</time></trkpt>
      <trkpt lat="-48.87843" lon="-123.39317"><ele>5.6</ele><time>2024-03-25T01:30:23Z</time></trkpt>
      <trkpt lat="-48.87847" lon="-123.39319"><ele>5.6</ele><time>2024-03-25T01:30:24Z</time></trkpt>
      <trkpt lat="-48.87848" lon="-123.39319"><ele>5.6</ele><time>2024-03-25T01:30:25Z</time></trkpt>
      <trkpt lat="-48.87851" lon="-123.39321"><ele>5.5</ele><time>2024-03-25T01:30:26Z</time></trkpt>
      <trkpt lat="-48.87855" lon="-123.39323"><ele>5.5</ele><time>2024-03-25T01:30:27Z</time></trkpt>
      <trkpt lat="-48.87857" lon="-123.39324"><ele>5.5</ele><time>2024-03-25T01:30:28Z</time></trkpt>
      <trkpt lat="-48.87861" lon="-123.39327"><ele>5.5</ele><time>2024-03-25T01:30:29Z</time></trkpt>
      <trkpt lat="-48.87862" lon="-123.39328"><ele>5.5</ele><time>2024-03-25T01:30:30Z</time></trkpt>
      <trkpt lat="-48.87866" lon="-123.39330"><ele>5.5</ele><time>2024-03-25T01:30:31Z</time></trkpt>
      <trkpt lat="-48.87869" lon="-123.39333"><ele>5.5</ele><time>2024-03-25T01:30:32Z</time></trkpt>
      <trkpt lat="-48.87871" lon="-123.39334"><ele>5.5</ele><time>2024-03-25T01:30:33Z</time></trkpt>
      <trkpt lat="-48.87874" lon="-123.39338"><ele>5.5</ele><time>2024-03-25T01:30:34Z</time></trkpt>
      <trkpt lat="-48.87875" lon="-123.39339"><ele>5.6</ele><time>2024-03-25T01:30:35Z</time></trkpt>
      <trkpt lat="-48.87878" lon="-123.39342"><ele>5.6</ele><time>2024-03-25T01:30:36Z</time></trkpt>
      <trkpt lat="-48.87882" lon="-123.39345"><ele>5.6</ele><time>2024-03-25T01:30:37Z</time></trkpt>
      <trkpt lat="-48.87883" lon="-123.39346"><ele>5.6</ele><time>2024-03-25T01:30:38Z</time></trkpt>
      <trkpt lat="-48.87886" lon="-123.39349"><ele>5.6</ele><time>2024-03-25T01:30:39Z</time></trkpt>
      <trkpt lat="-48.87887" lon="-123.39350"><ele>5.6</ele><time>2024-03-25T01:30:40Z</time></trkpt>
      <trkpt lat="-48.87889" lon="-123.39352"><ele>5.7</ele><time>2024-03-25T01:30:41Z</time></trkpt>
      <trkpt lat="-48.87893" lon="-123.39357"><ele>5.7</ele><time>2024-03-25T01:30:43Z</time></trkpt>
      <trkpt lat="-48.87896" lon="-123.39361"><ele>5.7</ele><time>2024-03-25T01:30:44Z</time></trkpt>
      <trkpt lat="-48.87897" lon="-123.39362"><ele>5.7</ele><time>2024-03-25T01:30:45Z</time></trkpt>
      <trkpt lat="-48.87902" lon="-123.39366"><ele>5.8</ele><time>2024-03-25T01:30:47Z</time></trkpt>
      <trkpt lat="-48.87905" lon="-123.39371"><ele>5.8</ele><time>2024-03-25T01:30:49Z</time></trkpt>
      <trkpt lat="-48.87907" lon="-123.39373"><ele>5.8</ele><time>2024-03-25T01:30:50Z</time></trkpt>
      <trkpt lat="-48.87911" lon="-123.39379"><ele>5.8</ele><time>2024-03-25T01:30:52Z</time></trkpt>
      <trkpt lat="-48.87915" lon="-123.39386"><ele>5.9</ele><time>2024-03-25T01:30:54Z</time></trkpt>
      <trkpt lat="-48.87918" lon="-123.39393"><ele>5.9</ele><time>2024-03-25T01:30:56Z</time></trkpt>
      <trkpt lat="-48.87922" lon="-123.39398"><ele>5.9</ele><time>2024-03-25T01:30:58Z</time></trkpt>
      <trkpt lat="-48.87924" lon="-123.39402"><ele>5.9</ele><time>2024-03-25T01:30:59Z</time></trkpt>
      <trkpt lat="-48.87925" lon="-123.39403"><ele>5.9</ele><time>2024-03-25T01:31:00Z</time></trkpt>
      <trkpt lat="-48.87928" lon="-123.39409"><ele>5.9</ele><time>2024-03-25T01:31:02Z</time></trkpt>
      <trkpt lat="-48.87931" lon="-123.39416"><ele>6.0</ele><time>2024-03-25T01:31:04Z</time></trkpt>
      <trkpt lat="-48.87933" lon="-123.39421"><ele>6.0</ele><time>2024-03-25T01:31:05Z</time></trkpt>
      <trkpt lat="-48.87933" lon="-123.39422"><ele>6.0</ele><time>2024-03-25T01:31:06Z</time></trkpt>
      <trkpt lat="-48.87935" lon="-123.39427"><ele>6.0</ele><time>2024-03-25T01:31:07Z</time></trkpt>
      <trkpt lat="-48.87935" lon="-123.39429"><ele>6.0</ele><time>2024-03-25T01:31:08Z</time></trkpt>
      <trkpt lat="-48.87936" lon="-123.39434"><ele>6.1</ele><time>2024-03-25T01:31:09Z</time></trkpt>
      <trkpt lat="-48.87937" lon="-123.39436"><ele>6.1</ele><time>2024-03-25T01:31:10Z</time></trkpt>
      <trkpt lat="-48.87938" lon="-123.39440"><ele>6.2</ele><time>2024-03-25T01:31:11Z</time></trkpt>
      <trkpt lat="-48.87939" lon="-123.39446"><ele>6.1</ele><time>2024-03-25T01:31:13Z</time></trkpt>
      <trkpt lat="-48.87940" lon="-123.39452"><ele>6.0</ele><time>2024-03-25T01:31:15Z</time></trkpt>
      <trkpt lat="-48.87942" lon="-123.39458"><ele>6.0</ele><time>2024-03-25T01:31:17Z</time></trkpt>
      <trkpt lat="-48.87944" lon="-123.39466"><ele>5.9</ele><time>2024-03-25T01:31:19Z</time></trkpt>
      <trkpt lat="-48.87945" lon="-123.39473"><ele>5.9</ele><time>2024-03-25T01:31:21Z</time></trkpt>
      <trkpt lat="-48.87946" lon="-123.39482"><ele>5.8</ele><time>2024-03-25T01:31:23Z</time></trkpt>
      <trkpt lat="-48.87947" lon="-123.39490"><ele>5.8</ele><time>2024-03-25T01:31:25Z</time></trkpt>
      <trkpt lat="-48.87948" lon="-123.39494"><ele>5.8</ele><time>2024-03-25T01:31:26Z</time></trkpt>
      <trkpt lat="-48.87949" lon="-123.39502"><ele>5.8</ele><time>2024-03-25T01:31:28Z</time></trkpt>
      <trkpt lat="-48.87950" lon="-123.39506"><ele>5.8</ele><time>2024-03-25T01:31:29Z</time></trkpt>
      <trkpt lat="-48.87950" lon="-123.39510"><ele>5.7</ele><time>2024-03-25T01:31:31Z</time></trkpt>
      <trkpt lat="-48.87951" lon="-123.39517"><ele>5.7</ele><time>2024-03-25T01:31:32Z</time></trkpt>
      <trkpt lat="-48.87953" lon="-123.39524"><ele>5.7</ele><time>2024-03-25T01:31:34Z</time></trkpt>
      <trkpt lat="-48.87955" lon="-123.39531"><ele>5.7</ele><time>2024-03-25T01:31:36Z</time></trkpt>
      <trkpt lat="-48.87957" lon="-123.39538"><ele>5.7</ele><time>2024-03-25T01:31:38Z</time></trkpt>
      <trkpt lat="-48.87958" lon="-123.39546"><ele>5.7</ele><time>2024-03-25T01:31:40Z</time></trkpt>
      <trkpt lat="-48.87958" lon="-123.39556"><ele>5.8</ele><time>2024-03-25T01:31:42Z</time></trkpt>
      <trkpt lat="-48.87957" lon="-123.39565"><ele>5.8</ele><time>2024-03-25T01:31:44Z</time></trkpt>
      <trkpt lat="-48.87956" lon="-123.39573"><ele>5.9</ele><time>2024-03-25T01:31:46Z</time></trkpt>
      <trkpt lat="-48.87954" lon="-123.39580"><ele>5.9</ele><time>2024-03-25T01:31:48Z</time></trkpt>
      <trkpt lat="-48.87952" lon="-123.39588"><ele>6.0</ele><time>2024-03-25T01:31:50Z</time></trkpt>
      <trkpt lat="-48.87951" lon="-123.39592"><ele>6.0</ele><time>2024-03-25T01:31:51Z</time></trkpt>
      <trkpt lat="-48.87950" lon="-123.39597"><ele>6.0</ele><time>2024-03-25T01:31:52Z</time></trkpt>
      <trkpt lat="-48.87950" lon="-123.39609"><ele>6.1</ele><time>2024-03-25T01:31:54Z</time></trkpt>
      <trkpt lat="-48.87950" lon="-123.39619"><ele>6.1</ele><time>2024-03-25T01:31:56Z</time></trkpt>
      <trkpt lat="-48.87951" lon="-123.39624"><ele>6.1</ele><time>2024-03-25T01:31:57Z</time></trkpt>
      <trkpt lat="-48.87951" lon="-123.39626"><ele>6.2</ele><time>2024-03-25T01:31:58Z</time></trkpt>
      <trkpt lat="-48.87952" lon="-123.39632"><ele>6.2</ele><time>2024-03-25T01:31:59Z</time></trkpt>
      <trkpt lat="-48.87952" lon="-123.39634"><ele>6.2</ele><time>2024-03-25T01:32:00Z</time></trkpt>
      <trkpt lat="-48.87953" lon="-123.39639"><ele>6.2</ele><time>2024-03-25T01:32:01Z</time></trkpt>
      <trkpt lat="-48.87953" lon="-123.39641"><ele>6.2</ele><time>2024-03-25T01:32:02Z</time></trkpt>
      <trkpt lat="-48.87953" lon="-123.39645"><ele>6.1</ele><time>2024-03-25T01:32:03Z</time></trkpt>
      <trkpt lat="-48.87954" lon="-123.39650"><ele>6.1</ele><time>2024-03-25T01:32:04Z</time></trkpt>
      <trkpt lat="-48.87955" lon="-123.39656"><ele>6.1</ele><time>2024-03-25T01:32:05Z</time></trkpt>
      <trkpt lat="-48.87955" lon="-123.39658"><ele>6.1</ele><time>2024-03-25T01:32:06Z</time></trkpt>
      <trkpt lat="-48.87956" lon="-123.39663"><ele>6.1</ele><time>2024-03-25T01:32:07Z</time></trkpt>
      <trkpt lat="-48.87957" lon="-123.39665"><ele>6.1</ele><time>2024-03-25T01:32:08Z</time></trkpt>
      <trkpt lat="-48.87959" lon="-123.39670"><ele>6.1</ele><time>2024-03-25T01:32:09Z</time></trkpt>
      <trkpt lat="-48.87959" lon="-123.39672"><ele>6.1</ele><time>2024-03-25T01:32:10Z</time></trkpt>
      <trkpt lat="-48.87961" lon="-123.39677"><ele>6.1</ele><time>2024-03-25T01:32:11Z</time></trkpt>
      <trkpt lat="-48.87961" lon="-123.39679"><ele>6.1</ele><time>2024-03-25T01:32:12Z</time></trkpt>
      <trkpt lat="-48.87963" lon="-123.39684"><ele>6.0</ele><time>2024-03-25T01:32:13Z</time></trkpt>
      <trkpt lat="-48.87964" lon="-123.39686"><ele>6.0</ele><time>2024-03-25T01:32:14Z</time></trkpt>
      <trkpt lat="-48.87965" lon="-123.39692"><ele>6.0</ele><time>2024-03-25T01:32:15Z</time></trkpt>
      <trkpt lat="-48.87966" lon="-123.39694"><ele>6.0</ele><time>2024-03-25T01:32:16Z</time></trkpt>
      <trkpt lat="-48.87968" lon="-123.39700"><ele>6.0</ele><time>2024-03-25T01:32:17Z</time></trkpt>
      <trkpt lat="-48.87968" lon="-123.39702"><ele>6.0</ele><time>2024-03-25T01:32:18Z</time></trkpt>
      <trkpt lat="-48.87970" lon="-123.39706"><ele>6.0</ele><time>2024-03-25T01:32:19Z</time></trkpt>
      <trkpt lat="-48.87971" lon="-123.39708"><ele>6.0</ele><time>2024-03-25T01:32:20Z</time></trkpt>
      <trkpt lat="-48.87973" lon="-123.39713"><ele>5.9</ele><time>2024-03-25T01:32:21Z</time></trkpt>
      <trkpt lat="-48.87974" lon="-123.39715"><ele>5.9</ele><time>2024-03-25T01:32:22Z</time></trkpt>
      <trkpt lat="-48.87977" lon="-123.39719"><ele>5.9</ele><time>2024-03-25T01:32:23Z</time></trkpt>
      <trkpt lat="-48.87978" lon="-123.39721"><ele>5.9</ele><time>2024-03-25T01:32:24Z</time></trkpt>
      <trkpt lat="-48.87980" lon="-123.39724"><ele>5.9</ele><time>2024-03-25T01:32:25Z</time></trkpt>
      <trkpt lat="-48.87981" lon="-123.39726"><ele>5.9</ele><time>2024-03-25T01:32:26Z</time></trkpt>
      <trkpt lat="-48.87984" lon="-123.39730"><ele>5.9</ele><time>2024-03-25T01:32:27Z</time></trkpt>
      <trkpt lat="-48.87985" lon="-123.39731"><ele>5.9</ele><time>2024-03-25T01:32:28Z</time></trkpt>
      <trkpt lat="-48.87988" lon="-123.39736"><ele>5.8</ele><time>2024-03-25T01:32:29Z</time></trkpt>
      <trkpt lat="-48.87989" lon="-123.39737"><ele>5.8</ele><time>2024-03-25T01:32:30Z</time></trkpt>
      <trkpt lat="-48.87991" lon="-123.39740"><ele>5.8</ele><time>2024-03-25T01:32:31Z</time></trkpt>
      <trkpt lat="-48.87993" lon="-123.39744"><ele>5.8</ele><time>2024-03-25T01:32:32Z</time></trkpt>
      <trkpt lat="-48.87994" lon="-123.39749"><ele>5.8</ele><time>2024-03-25T01:32:33Z</time></trkpt>
      <trkpt lat="-48.87995" lon="-123.39750"><ele>5.8</ele><time>2024-03-25T01:32:34Z</time></trkpt>
      <trkpt lat="-48.87997" lon="-123.39755"><ele>5.8</ele><time>2024-03-25T01:32:35Z</time></trkpt>
      <trkpt lat="-48.87998" lon="-123.39756"><ele>5.8</ele><time>2024-03-25T01:32:36Z</time></trkpt>
      <trkpt lat="-48.88000" lon="-123.39760"><ele>5.8</ele><time>2024-03-25T01:32:37Z</time></trkpt>
      <trkpt lat="-48.88002" lon="-123.39765"><ele>5.8</ele><time>2024-03-25T01:32:38Z</time></trkpt>
      <trkpt lat="-48.88003" lon="-123.39767"><ele>5.8</ele><time>2024-03-25T01:32:39Z</time></trkpt>
      <trkpt lat="-48.88005" lon="-123.39771"><ele>5.7</ele><time>2024-03-25T01:32:40Z</time></trkpt>
      <trkpt lat="-48.88007" lon="-123.39776"><ele>5.7</ele><time>2024-03-25T01:32:41Z</time></trkpt>
      <trkpt lat="-48.88008" lon="-123.39777"><ele>5.7</ele><time>2024-03-25T01:32:42Z</time></trkpt>
      <trkpt lat="-48.88010" lon="-123.39782"><ele>5.8</ele><time>2024-03-25T01:32:43Z</time></trkpt>
      <trkpt lat="-48.88011" lon="-123.39783"><ele>5.8</ele><time>2024-03-25T01:32:44Z</time></trkpt>
      <trkpt lat="-48.88013" lon="-123.39787"><ele>5.8</ele><time>2024-03-25T01:32:45Z</time></trkpt>
      <trkpt lat="-48.88014" lon="-123.39789"><ele>5.8</ele><time>2024-03-25T01:32:46Z</time></trkpt>
      <trkpt lat="-48.88016" lon="-123.39793"><ele>5.8</ele><time>2024-03-25T01:32:47Z</time></trkpt>
      <trkpt lat="-48.88016" lon="-123.39794"><ele>5.8</ele><time>2024-03-25T01:32:48Z</time></trkpt>
      <trkpt lat="-48.88018" lon="-123.39798"><ele>5.8</ele><time>2024-03-25T01:32:49Z</time></trkpt>
      <trkpt lat="-48.88020" lon="-123.39803"><ele>5.9</ele><time>2024-03-25T01:32:50Z</time></trkpt>
      <trkpt lat="-48.88020" lon="-123.39804"><ele>5.9</ele><time>2024-03-25T01:32:51Z</time></trkpt>
      <trkpt lat="-48.88022" lon="-123.39808"><ele>6.0</ele><time>2024-03-25T01:32:52Z</time></trkpt>
      <trkpt lat="-48.88024" lon="-123.39813"><ele>6.0</ele><time>2024-03-25T01:32:53Z</time></trkpt>
      <trkpt lat="-48.88024" lon="-123.39814"><ele>6.0</ele><time>2024-03-25T01:32:54Z</time></trkpt>
      <trkpt lat="-48.88025" lon="-123.39817"><ele>6.0</ele><time>2024-03-25T01:32:55Z</time></trkpt>
      <trkpt lat="-48.88026" lon="-123.39819"><ele>6.0</ele><time>2024-03-25T01:32:56Z</time></trkpt>
      <trkpt lat="-48.88028" lon="-123.39823"><ele>5.9</ele><time>2024-03-25T01:32:57Z</time></trkpt>
      <trkpt lat="-48.88029" lon="-123.39825"><ele>5.9</ele><time>2024-03-25T01:32:58Z</time></trkpt>
      <trkpt lat="-48.88030" lon="-123.39829"><ele>5.9</ele><time>2024-03-25T01:32:59Z</time></trkpt>
      <trkpt lat="-48.88032" lon="-123.39833"><ele>5.9</ele><time>2024-03-25T01:33:00Z</time></trkpt>
      <trkpt lat="-48.88033" lon="-123.39836"><ele>5.9</ele><time>2024-03-25T01:33:01Z</time></trkpt>
      <trkpt lat="-48.88034" lon="-123.39840"><ele>5.9</ele><time>2024-03-25T01:33:02Z</time></trkpt>
      <trkpt lat="-48.88036" lon="-123.39844"><ele>5.9</ele><time>2024-03-25T01:33:03Z</time></trkpt>
      <trkpt lat="-48.88038" lon="-123.39848"><ele>5.9</ele><time>2024-03-25T01:33:04Z</time></trkpt>
      <trkpt lat="-48.88039" lon="-123.39850"><ele>5.9</ele><time>2024-03-25T01:33:05Z</time></trkpt>
      <trkpt lat="-48.88041" lon="-123.39853"><ele>5.9</ele><time>2024-03-25T01:33:06Z</time></trkpt>
      <trkpt lat="-48.88043" lon="-123.39857"><ele>5.8</ele><time>2024-03-25T01:33:07Z</time></trkpt>
      <trkpt lat="-48.88044" lon="-123.39859"><ele>5.8</ele><time>2024-03-25T01:33:08Z</time></trkpt>
      <trkpt lat="-48.88047" lon="-123.39863"><ele>5.8</ele><time>2024-03-25T01:33:09Z</time></trkpt>
      <trkpt lat="-48.88048" lon="-123.39865"><ele>5.8</ele><time>2024-03-25T01:33:10Z</time></trkpt>
      <trkpt lat="-48.88050" lon="-123.39869"><ele>5.8</ele><time>2024-03-25T01:33:11Z</time></trkpt>
      <trkpt lat="-48.88052" lon="-123.39872"><ele>5.8</ele><time>2024-03-25T01:33:12Z</time></trkpt>
      <trkpt lat="-48.88054" lon="-123.39876"><ele>5.8</ele><time>2024-03-25T01:33:13Z</time></trkpt>
      <trkpt lat="-48.88055" lon="-123.39878"><ele>5.8</ele><time>2024-03-25T01:33:14Z</time></trkpt>
      <trkpt lat="-48.88057" lon="-123.39880"><ele>5.8</ele><time>2024-03-25T01:33:15Z</time></trkpt>
      <trkpt lat="-48.88059" lon="-123.39884"><ele>5.7</ele><time>2024-03-25T01:33:16Z</time></trkpt>
      <trkpt lat="-48.88061" lon="-123.39888"><ele>5.7</ele><time>2024-03-25T01:33:17Z</time></trkpt>
      <trkpt lat="-48.88063" lon="-123.39891"><ele>5.7</ele><time>2024-03-25T01:33:18Z</time></trkpt>
      <trkpt lat="-48.88064" lon="-123.39893"><ele>5.7</ele><time>2024-03-25T01:33:19Z</time></trkpt>
      <trkpt lat="-48.88066" lon="-123.39897"><ele>5.7</ele><time>2024-03-25T01:33:20Z</time></trkpt>
      <trkpt lat="-48.88069" lon="-123.39901"><ele>5.7</ele><time>2024-03-25T01:33:21Z</time></trkpt>
      <trkpt lat="-48.88070" lon="-123.39903"><ele>5.7</ele><time>2024-03-25T01:33:22Z</time></trkpt>
      <trkpt lat="-48.88071" lon="-123.39907"><ele>5.7</ele><time>2024-03-25T01:33:23Z</time></trkpt>
      <trkpt lat="-48.88073" lon="-123.39911"><ele>5.7</ele><time>2024-03-25T01:33:24Z</time></trkpt>
      <trkpt lat="-48.88076" lon="-123.39915"><ele>5.7</ele><time>2024-03-25T01:33:25Z</time></trkpt>
      <trkpt lat="-48.88076" lon="-123.39917"><ele>5.7</ele><time>2024-03-25T01:33:26Z</time></trkpt>
      <trkpt lat="-48.88079" lon="-123.39921"><ele>5.7</ele><time>2024-03-25T01:33:27Z</time></trkpt>
      <trkpt lat="-48.88080" lon="-123.39922"><ele>5.7</ele><time>2024-03-25T01:33:28Z</time></trkpt>
      <trkpt lat="-48.88082" lon="-123.39926"><ele>5.7</ele><time>2024-03-25T01:33:29Z</time></trkpt>
      <trkpt lat="-48.88083" lon="-123.39927"><ele>5.7</ele><time>2024-03-25T01:33:30Z</time></trkpt>
      <trkpt lat="-48.88086" lon="-123.39932"><ele>5.7</ele><time>2024-03-25T01:33:31Z</time></trkpt>
      <trkpt lat="-48.88086" lon="-123.39933"><ele>5.7</ele><time>2024-03-25T01:33:32Z</time></trkpt>
      <trkpt lat="-48.88088" lon="-123.39937"><ele>5.7</ele><time>2024-03-25T01:33:33Z</time></trkpt>
      <trkpt lat="-48.88090" lon="-123.39940"><ele>5.8</ele><time>2024-03-25T01:33:34Z</time></trkpt>
      <trkpt lat="-48.88092" lon="-123.39945"><ele>5.8</ele><time>2024-03-25T01:33:35Z</time></trkpt>
      <trkpt lat="-48.88093" lon="-123.39947"><ele>5.8</ele><time>2024-03-25T01:33:36Z</time></trkpt>
      <trkpt lat="-48.88095" lon="-123.39950"><ele>5.8</ele><time>2024-03-25T01:33:37Z</time></trkpt>
      <trkpt lat="-48.88098" lon="-123.39954"><ele>5.8</ele><time>2024-03-25T01:33:38Z</time></trkpt>
      <trkpt lat="-48.88099" lon="-123.39956"><ele>5.8</ele><time>2024-03-25T01:33:39Z</time></trkpt>
      <trkpt lat="-48.88101" lon="-123.39960"><ele>5.8</ele><time>2024-03-25T01:33:40Z</time></trkpt>
      <trkpt lat="-48.88102" lon="-123.39961"><ele>5.8</ele><time>2024-03-25T01:33:41Z</time></trkpt>
      <trkpt lat="-48.88104" lon="-123.39965"><ele>5.8</ele><time>2024-03-25T01:33:42Z</time></trkpt>
      <trkpt lat="-48.88104" lon="-123.39967"><ele>5.8</ele><time>2024-03-25T01:33:43Z</time></trkpt>
      <trkpt lat="-48.88107" lon="-123.39972"><ele>5.8</ele><time>2024-03-25T01:33:44Z</time></trkpt>
      <trkpt lat="-48.88108" lon="-123.39973"><ele>5.9</ele><time>2024-03-25T01:33:45Z</time></trkpt>
      <trkpt lat="-48.88109" lon="-123.39976"><ele>5.9</ele><time>2024-03-25T01:33:46Z</time></trkpt>
      <trkpt lat="-48.88112" lon="-123.39981"><ele>5.9</ele><time>2024-03-25T01:33:47Z</time></trkpt>
      <trkpt lat="-48.88114" lon="-123.39982"><ele>5.9</ele><time>2024-03-25T01:33:48Z</time></trkpt>
      <trkpt lat="-48.88116" lon="-123.39986"><ele>5.9</ele><time>2024-03-25T01:33:49Z</time></trkpt>
      <trkpt lat="-48.88116" lon="-123.39987"><ele>5.9</ele><time>2024-03-25T01:33:50Z</time></trkpt>
      <trkpt lat="-48.88119" lon="-123.39990"><ele>5.9</ele><time>2024-03-25T01:33:51Z</time></trkpt>
      <trkpt lat="-48.88119" lon="-123.39992"><ele>5.9</ele><time>2024-03-25T01:33:52Z</time></trkpt>
      <trkpt lat="-48.88122" lon="-123.39996"><ele>5.9</ele><time>2024-03-25T01:33:53Z</time></trkpt>
      <trkpt lat="-48.88123" lon="-123.39998"><ele>5.9</ele><time>2024-03-25T01:33:54Z</time></trkpt>
      <trkpt lat="-48.88126" lon="-123.40001"><ele>5.9</ele><time>2024-03-25T01:33:55Z</time></trkpt>
      <trkpt lat="-48.88127" lon="-123.40003"><ele>6.0</ele><time>2024-03-25T01:33:56Z</time></trkpt>
      <trkpt lat="-48.88130" lon="-123.40005"><ele>6.0</ele><time>2024-03-25T01:33:57Z</time></trkpt>
      <trkpt lat="-48.88132" lon="-123.40008"><ele>6.0</ele><time>2024-03-25T01:33:58Z</time></trkpt>
      <trkpt lat="-48.88135" lon="-123.40010"><ele>6.0</ele><time>2024-03-25T01:33:59Z</time></trkpt>
      <trkpt lat="-48.88136" lon="-123.40011"><ele>6.0</ele><time>2024-03-25T01:34:00Z</time></trkpt>
      <trkpt lat="-48.88139" lon="-123.40014"><ele>6.0</ele><time>2024-03-25T01:34:01Z</time></trkpt>
      <trkpt lat="-48.88141" lon="-123.40015"><ele>6.0</ele><time>2024-03-25T01:34:02Z</time></trkpt>
      <trkpt lat="-48.88144" lon="-123.40018"><ele>6.0</ele><time>2024-03-25T01:34:03Z</time></trkpt>
      <trkpt lat="-48.88145" lon="-123.40018"><ele>5.9</ele><time>2024-03-25T01:34:04Z</time></trkpt>
      <trkpt lat="-48.88149" lon="-123.40021"><ele>5.9</ele><time>2024-03-25T01:34:05Z</time></trkpt>
      <trkpt lat="-48.88150" lon="-123.40022"><ele>5.9</ele><time>2024-03-25T01:34:06Z</time></trkpt>
      <trkpt lat="-48.88153" lon="-123.40024"><ele>5.9</ele><time>2024-03-25T01:34:07Z</time></trkpt>
      <trkpt lat="-48.88154" lon="-123.40025"><ele>5.9</ele><time>2024-03-25T01:34:08Z</time></trkpt>
      <trkpt lat="-48.88156" lon="-123.40027"><ele>6.0</ele><time>2024-03-25T01:34:09Z</time></trkpt>
      <trkpt lat="-48.88160" lon="-123.40030"><ele>6.0</ele><time>2024-03-25T01:34:10Z</time></trkpt>
      <trkpt lat="-48.88161" lon="-123.40031"><ele>6.0</ele><time>2024-03-25T01:34:11Z</time></trkpt>
      <trkpt lat="-48.88163" lon="-123.40034"><ele>6.0</ele><time>2024-03-25T01:34:12Z</time></trkpt>
      <trkpt lat="-48.88166" lon="-123.40036"><ele>6.0</ele><time>2024-03-25T01:34:13Z</time></trkpt>
      <trkpt lat="-48.88168" lon="-123.40038"><ele>6.0</ele><time>2024-03-25T01:34:14Z</time></trkpt>
      <trkpt lat="-48.88171" lon="-123.40040"><ele>6.0</ele><time>2024-03-25T01:34:15Z</time></trkpt>
      <trkpt lat="-48.88174" lon="-123.40041"><ele>6.0</ele><time>2024-03-25T01:34:16Z</time></trkpt>
      <trkpt lat="-48.88178" lon="-123.40044"><ele>6.1</ele><time>2024-03-25T01:34:17Z</time></trkpt>
      <trkpt lat="-48.88179" lon="-123.40044"><ele>6.1</ele><time>2024-03-25T01:34:18Z</time></trkpt>
      <trkpt lat="-48.88182" lon="-123.40045"><ele>6.2</ele><time>2024-03-25T01:34:19Z</time></trkpt>
      <trkpt lat="-48.88183" lon="-123.40046"><ele>6.2</ele><time>2024-03-25T01:34:20Z</time></trkpt>
      <trkpt lat="-48.88187" lon="-123.40047"><ele>6.2</ele><time>2024-03-25T01:34:21Z</time></trkpt>
      <trkpt lat="-48.88188" lon="-123.40048"><ele>6.2</ele><time>2024-03-25T01:34:22Z</time></trkpt>
      <trkpt lat="-48.88191" lon="-123.40050"><ele>6.2</ele><time>2024-03-25T01:34:23Z</time></trkpt>
      <trkpt lat="-48.88192" lon="-123.40050"><ele>6.2</ele><time>2024-03-25T01:34:24Z</time></trkpt>
      <trkpt lat="-48.88196" lon="-123.40052"><ele>6.3</ele><time>2024-03-25T01:34:25Z</time></trkpt>
      <trkpt lat="-48.88197" lon="-123.40053"><ele>6.3</ele><time>2024-03-25T01:34:26Z</time></trkpt>
      <trkpt lat="-48.88200" lon="-123.40055"><ele>6.3</ele><time>2024-03-25T01:34:27Z</time></trkpt>
      <trkpt lat="-48.88201" lon="-123.40055"><ele>6.3</ele><time>2024-03-25T01:34:28Z</time></trkpt>
      <trkpt lat="-48.88204" lon="-123.40057"><ele>6.3</ele><time>2024-03-25T01:34:29Z</time></trkpt>
      <trkpt lat="-48.88206" lon="-123.40059"><ele>6.3</ele><time>2024-03-25T01:34:30Z</time></trkpt>
      <trkpt lat="-48.88207" lon="-123.40059"><ele>6.3</ele><time>2024-03-25T01:34:31Z</time></trkpt>
      <trkpt lat="-48.88210" lon="-123.40060"><ele>6.3</ele><time>2024-03-25T01:34:32Z</time></trkpt>
      <trkpt lat="-48.88211" lon="-123.40061"><ele>6.3</ele><time>2024-03-25T01:34:33Z</time></trkpt>
      <trkpt lat="-48.88214" lon="-123.40063"><ele>6.4</ele><time>2024-03-25T01:34:34Z</time></trkpt>
      <trkpt lat="-48.88215" lon="-123.40064"><ele>6.4</ele><time>2024-03-25T01:34:35Z</time></trkpt>
      <trkpt lat="-48.88218" lon="-123.40065"><ele>6.4</ele><time>2024-03-25T01:34:36Z</time></trkpt>
      <trkpt lat="-48.88220" lon="-123.40067"><ele>6.4</ele><time>2024-03-25T01:34:37Z</time></trkpt>
      <trkpt lat="-48.88224" lon="-123.40070"><ele>6.4</ele><time>2024-03-25T01:34:38Z</time></trkpt>
      <trkpt lat="-48.88224" lon="-123.40071"><ele>6.4</ele><time>2024-03-25T01:34:39Z</time></trkpt>
      <trkpt lat="-48.88227" lon="-123.40073"><ele>6.4</ele><time>2024-03-25T01:34:40Z</time></trkpt>
      <trkpt lat="-48.88229" lon="-123.40074"><ele>6.4</ele><time>2024-03-25T01:34:41Z</time></trkpt>
      <trkpt lat="-48.88231" lon="-123.40076"><ele>6.4</ele><time>2024-03-25T01:34:42Z</time></trkpt>
      <trkpt lat="-48.88234" lon="-123.40079"><ele>6.4</ele><time>2024-03-25T01:34:43Z</time></trkpt>
      <trkpt lat="-48.88235" lon="-123.40081"><ele>6.4</ele><time>2024-03-25T01:34:44Z</time></trkpt>
      <trkpt lat="-48.88238" lon="-123.40084"><ele>6.4</ele><time>2024-03-25T01:34:45Z</time></trkpt>
      <trkpt lat="-48.88240" lon="-123.40085"><ele>6.4</ele><time>2024-03-25T01:34:46Z</time></trkpt>
      <trkpt lat="-48.88242" lon="-123.40087"><ele>6.4</ele><time>2024-03-25T01:34:47Z</time></trkpt>
      <trkpt lat="-48.88245" lon="-123.40089"><ele>6.3</ele><time>2024-03-25T01:34:48Z</time></trkpt>
      <trkpt lat="-48.88249" lon="-123.40091"><ele>6.3</ele><time>2024-03-25T01:34:49Z</time></trkpt>
      <trkpt lat="-48.88250" lon="-123.40092"><ele>6.3</ele><time>2024-03-25T01:34:50Z</time></trkpt>
      <trkpt lat="-48.88254" lon="-123.40094"><ele>6.3</ele><time>2024-03-25T01:34:51Z</time></trkpt>
      <trkpt lat="-48.88255" lon="-123.40095"><ele>6.3</ele><time>2024-03-25T01:34:52Z</time></trkpt>
      <trkpt lat="-48.88258" lon="-123.40096"><ele>6.3</ele><time>2024-03-25T01:34:53Z</time></trkpt>
      <trkpt lat="-48.88260" lon="-123.40097"><ele>6.3</ele><time>2024-03-25T01:34:54Z</time></trkpt>
      <trkpt lat="-48.88264" lon="-123.40100"><ele>6.3</ele><time>2024-03-25T01:34:55Z</time></trkpt>
      <trkpt lat="-48.88265" lon="-123.40100"><ele>6.3</ele><time>2024-03-25T01:34:56Z</time></trkpt>
      <trkpt lat="-48.88268" lon="-123.40103"><ele>6.2</ele><time>2024-03-25T01:34:57Z</time></trkpt>
      <trkpt lat="-48.88269" lon="-123.40103"><ele>6.2</ele><time>2024-03-25T01:34:58Z</time></trkpt>
      <trkpt lat="-48.88272" lon="-123.40105"><ele>6.2</ele><time>2024-03-25T01:34:59Z</time></trkpt>
      <trkpt lat="-48.88273" lon="-123.40106"><ele>6.2</ele><time>2024-03-25T01:35:00Z</time></trkpt>
      <trkpt lat="-48.88276" lon="-123.40107"><ele>6.1</ele><time>2024-03-25T01:35:01Z</time></trkpt>
      <trkpt lat="-48.88279" lon="-123.40108"><ele>6.1</ele><time>2024-03-25T01:35:02Z</time></trkpt>
      <trkpt lat="-48.88283" lon="-123.40110"><ele>6.0</ele><time>2024-03-25T01:35:03Z</time></trkpt>
      <trkpt lat="-48.88285" lon="-123.40110"><ele>6.0</ele><time>2024-03-25T01:35:04Z</time></trkpt>
      <trkpt lat="-48.88288" lon="-123.40113"><ele>5.9</ele><time>2024-03-25T01:35:05Z</time></trkpt>
      <trkpt lat="-48.88290" lon="-123.40114"><ele>5.8</ele><time>2024-03-25T01:35:06Z</time></trkpt>
      <trkpt lat="-48.88294" lon="-123.40116"><ele>5.7</ele><time>2024-03-25T01:35:07Z</time></trkpt>
      <trkpt lat="-48.88295" lon="-123.40117"><ele>5.7</ele><time>2024-03-25T01:35:08Z</time></trkpt>
      <trkpt lat="-48.88299" lon="-123.40121"><ele>5.6</ele><time>2024-03-25T01:35:09Z</time></trkpt>
      <trkpt lat="-48.88300" lon="-123.40122"><ele>5.5</ele><time>2024-03-25T01:35:10Z</time></trkpt>
      <trkpt lat="-48.88302" lon="-123.40124"><ele>5.5</ele><time>2024-03-25T01:35:11Z</time></trkpt>
      <trkpt lat="-48.88303" lon="-123.40125"><ele>5.4</ele><time>2024-03-25T01:35:12Z</time></trkpt>
      <trkpt lat="-48.88306" lon="-123.40127"><ele>5.4</ele><time>2024-03-25T01:35:13Z</time></trkpt>
      <trkpt lat="-48.88307" lon="-123.40128"><ele>5.3</ele><time>2024-03-25T01:35:14Z</time></trkpt>
      <trkpt lat="-48.88310" lon="-123.40130"><ele>5.2</ele><time>2024-03-25T01:35:15Z</time></trkpt>
      <trkpt lat="-48.88313" lon="-123.40132"><ele>5.2</ele><time>2024-03-25T01:35:16Z</time></trkpt>
      <trkpt lat="-48.88315" lon="-123.40134"><ele>5.1</ele><time>2024-03-25T01:35:17Z</time></trkpt>
      <trkpt lat="-48.88318" lon="-123.40136"><ele>5.0</ele><time>2024-03-25T01:35:18Z</time></trkpt>
      <trkpt lat="-48.88322" lon="-123.40138"><ele>4.9</ele><time>2024-03-25T01:35:19Z</time></trkpt>
      <trkpt lat="-48.88323" lon="-123.40138"><ele>4.9</ele><time>2024-03-25T01:35:20Z</time></trkpt>
      <trkpt lat="-48.88327" lon="-123.40141"><ele>4.8</ele><time>2024-03-25T01:35:21Z</time></trkpt>
      <trkpt lat="-48.88328" lon="-123.40142"><ele>4.8</ele><time>2024-03-25T01:35:22Z</time></trkpt>
      <trkpt lat="-48.88331" lon="-123.40143"><ele>4.7</ele><time>2024-03-25T01:35:23Z</time></trkpt>
      <trkpt lat="-48.88332" lon="-123.40144"><ele>4.7</ele><time>2024-03-25T01:35:24Z</time></trkpt>
      <trkpt lat="-48.88335" lon="-123.40146"><ele>4.6</ele><time>2024-03-25T01:35:25Z</time></trkpt>
      <trkpt lat="-48.88337" lon="-123.40147"><ele>4.6</ele><time>2024-03-25T01:35:26Z</time></trkpt>
      <trkpt lat="-48.88340" lon="-123.40148"><ele>4.5</ele><time>2024-03-25T01:35:27Z</time></trkpt>
      <trkpt lat="-48.88342" lon="-123.40149"><ele>4.5</ele><time>2024-03-25T01:35:28Z</time></trkpt>
      <trkpt lat="-48.88345" lon="-123.40151"><ele>4.4</ele><time>2024-03-25T01:35:30Z</time></trkpt>
      <trkpt lat="-48.88348" lon="-123.40152"><ele>4.4</ele><time>2024-03-25T01:35:31Z</time></trkpt>
      <trkpt lat="-48.88351" lon="-123.40153"><ele>4.4</ele><time>2024-03-25T01:35:32Z</time></trkpt>
      <trkpt lat="-48.88355" lon="-123.40155"><ele>4.4</ele><time>2024-03-25T01:35:33Z</time></trkpt>
      <trkpt lat="-48.88356" lon="-123.40155"><ele>4.4</ele><time>2024-03-25T01:35:34Z</time></trkpt>
      <trkpt lat="-48.88360" lon="-123.40156"><ele>4.4</ele><time>2024-03-25T01:35:35Z</time></trkpt>
      <trkpt lat="-48.88362" lon="-123.40157"><ele>4.4</ele><time>2024-03-25T01:35:36Z</time></trkpt>
      <trkpt lat="-48.88365" lon="-123.40157"><ele>4.4</ele><time>2024-03-25T01:35:37Z</time></trkpt>
      <trkpt lat="-48.88367" lon="-123.40158"><ele>4.4</ele><time>2024-03-25T01:35:38Z</time></trkpt>
      <trkpt lat="-48.88370" lon="-123.40158"><ele>4.4</ele><time>2024-03-25T01:35:39Z</time></trkpt>
      <trkpt lat="-48.88371" lon="-123.40158"><ele>4.4</ele><time>2024-03-25T01:35:40Z</time></trkpt>
      <trkpt lat="-48.88375" lon="-123.40158"><ele>4.4</ele><time>2024-03-25T01:35:41Z</time></trkpt>
      <trkpt lat="-48.88376" lon="-123.40158"><ele>4.4</ele><time>2024-03-25T01:35:42Z</time></trkpt>
      <trkpt lat="-48.88380" lon="-123.40158"><ele>4.5</ele><time>2024-03-25T01:35:43Z</time></trkpt>
      <trkpt lat="-48.88381" lon="-123.40158"><ele>4.5</ele><time>2024-03-25T01:35:44Z</time></trkpt>
      <trkpt lat="-48.88384" lon="-123.40159"><ele>4.5</ele><time>2024-03-25T01:35:45Z</time></trkpt>
      <trkpt lat="-48.88388" lon="-123.40158"><ele>4.6</ele><time>2024-03-25T01:35:46Z</time></trkpt>
      <trkpt lat="-48.88390" lon="-123.40158"><ele>4.6</ele><time>2024-03-25T01:35:47Z</time></trkpt>
      <trkpt lat="-48.88394" lon="-123.40158"><ele>4.6</ele><time>2024-03-25T01:35:48Z</time></trkpt>
      <trkpt lat="-48.88395" lon="-123.40158"><ele>4.6</ele><time>2024-03-25T01:35:49Z</time></trkpt>
      <trkpt lat="-48.88399" lon="-123.40157"><ele>4.6</ele><time>2024-03-25T01:35:50Z</time></trkpt>
      <trkpt lat="-48.88401" lon="-123.40157"><ele>4.6</ele><time>2024-03-25T01:35:51Z</time></trkpt>
      <trkpt lat="-48.88404" lon="-123.40156"><ele>4.6</ele><time>2024-03-25T01:35:52Z</time></trkpt>
      <trkpt lat="-48.88405" lon="-123.40156"><ele>4.6</ele><time>2024-03-25T01:35:53Z</time></trkpt>
      <trkpt lat="-48.88408" lon="-123.40155"><ele>4.6</ele><time>2024-03-25T01:35:54Z</time></trkpt>
      <trkpt lat="-48.88412" lon="-123.40154"><ele>4.5</ele><time>2024-03-25T01:35:55Z</time></trkpt>
      <trkpt lat="-48.88413" lon="-123.40154"><ele>4.5</ele><time>2024-03-25T01:35:56Z</time></trkpt>
      <trkpt lat="-48.88416" lon="-123.40153"><ele>4.5</ele><time>2024-03-25T01:35:57Z</time></trkpt>
      <trkpt lat="-48.88418" lon="-123.40153"><ele>4.5</ele><time>2024-03-25T01:35:58Z</time></trkpt>
      <trkpt lat="-48.88422" lon="-123.40153"><ele>4.5</ele><time>2024-03-25T01:35:59Z</time></trkpt>
      <trkpt lat="-48.88423" lon="-123.40152"><ele>4.5</ele><time>2024-03-25T01:36:00Z</time></trkpt>
      <trkpt lat="-48.88427" lon="-123.40151"><ele>4.5</ele><time>2024-03-25T01:36:01Z</time></trkpt>
      <trkpt lat="-48.88428" lon="-123.40151"><ele>4.5</ele><time>2024-03-25T01:36:02Z</time></trkpt>
      <trkpt lat="-48.88431" lon="-123.40150"><ele>4.5</ele><time>2024-03-25T01:36:03Z</time></trkpt>
      <trkpt lat="-48.88435" lon="-123.40150"><ele>4.5</ele><time>2024-03-25T01:36:04Z</time></trkpt>
      <trkpt lat="-48.88436" lon="-123.40149"><ele>4.5</ele><time>2024-03-25T01:36:05Z</time></trkpt>
      <trkpt lat="-48.88440" lon="-123.40149"><ele>4.5</ele><time>2024-03-25T01:36:06Z</time></trkpt>
      <trkpt lat="-48.88441" lon="-123.40149"><ele>4.5</ele><time>2024-03-25T01:36:07Z</time></trkpt>
      <trkpt lat="-48.88445" lon="-123.40148"><ele>4.5</ele><time>2024-03-25T01:36:08Z</time></trkpt>
      <trkpt lat="-48.88447" lon="-123.40147"><ele>4.5</ele><time>2024-03-25T01:36:09Z</time></trkpt>
      <trkpt lat="-48.88450" lon="-123.40146"><ele>4.5</ele><time>2024-03-25T01:36:10Z</time></trkpt>
      <trkpt lat="-48.88452" lon="-123.40146"><ele>4.5</ele><time>2024-03-25T01:36:11Z</time></trkpt>
      <trkpt lat="-48.88455" lon="-123.40145"><ele>4.5</ele><time>2024-03-25T01:36:12Z</time></trkpt>
      <trkpt lat="-48.88457" lon="-123.40145"><ele>4.5</ele><time>2024-03-25T01:36:13Z</time></trkpt>
      <trkpt lat="-48.88461" lon="-123.40144"><ele>4.5</ele><time>2024-03-25T01:36:14Z</time></trkpt>
      <trkpt lat="-48.88462" lon="-123.40143"><ele>4.5</ele><time>2024-03-25T01:36:15Z</time></trkpt>
      <trkpt lat="-48.88465" lon="-123.40142"><ele>4.5</ele><time>2024-03-25T01:36:16Z</time></trkpt>
      <trkpt lat="-48.88468" lon="-123.40140"><ele>4.5</ele><time>2024-03-25T01:36:17Z</time></trkpt>
      <trkpt lat="-48.88469" lon="-123.40139"><ele>4.5</ele><time>2024-03-25T01:36:18Z</time></trkpt>
      <trkpt lat="-48.88473" lon="-123.40138"><ele>4.5</ele><time>2024-03-25T01:36:19Z</time></trkpt>
      <trkpt lat="-48.88474" lon="-123.40137"><ele>4.5</ele><time>2024-03-25T01:36:20Z</time></trkpt>
      <trkpt lat="-48.88477" lon="-123.40135"><ele>4.5</ele><time>2024-03-25T01:36:21Z</time></trkpt>
      <trkpt lat="-48.88478" lon="-123.40135"><ele>4.5</ele><time>2024-03-25T01:36:22Z</time></trkpt>
      <trkpt lat="-48.88481" lon="-123.40133"><ele>4.5</ele><time>2024-03-25T01:36:23Z</time></trkpt>
      <trkpt lat="-48.88482" lon="-123.40132"><ele>4.5</ele><time>2024-03-25T01:36:24Z</time></trkpt>
      <trkpt lat="-48.88485" lon="-123.40130"><ele>4.5</ele><time>2024-03-25T01:36:25Z</time></trkpt>
      <trkpt lat="-48.88486" lon="-123.40130"><ele>4.5</ele><time>2024-03-25T01:36:26Z</time></trkpt>
      <trkpt lat="-48.88489" lon="-123.40127"><ele>4.5</ele><time>2024-03-25T01:36:27Z</time></trkpt>
      <trkpt lat="-48.88490" lon="-123.40127"><ele>4.5</ele><time>2024-03-25T01:36:28Z</time></trkpt>
      <trkpt lat="-48.88494" lon="-123.40125"><ele>4.5</ele><time>2024-03-25T01:36:29Z</time></trkpt>
      <trkpt lat="-48.88495" lon="-123.40124"><ele>4.5</ele><time>2024-03-25T01:36:30Z</time></trkpt>
      <trkpt lat="-48.88498" lon="-123.40123"><ele>4.5</ele><time>2024-03-25T01:36:31Z</time></trkpt>
      <trkpt lat="-48.88501" lon="-123.40121"><ele>4.5</ele><time>2024-03-25T01:36:32Z</time></trkpt>
      <trkpt lat="-48.88505" lon="-123.40119"><ele>4.5</ele><time>2024-03-25T01:36:33Z</time></trkpt>
      <trkpt lat="-48.88506" lon="-123.40119"><ele>4.5</ele><time>2024-03-25T01:36:34Z</time></trkpt>
      <trkpt lat="-48.88509" lon="-123.40117"><ele>4.5</ele><time>2024-03-25T01:36:35Z</time></trkpt>
      <trkpt lat="-48.88512" lon="-123.40116"><ele>4.4</ele><time>2024-03-25T01:36:36Z</time></trkpt>
      <trkpt lat="-48.88513" lon="-123.40115"><ele>4.4</ele><time>2024-03-25T01:36:37Z</time></trkpt>
      <trkpt lat="-48.88517" lon="-123.40114"><ele>4.4</ele><time>2024-03-25T01:36:38Z</time></trkpt>
      <trkpt lat="-48.88519" lon="-123.40113"><ele>4.4</ele><time>2024-03-25T01:36:39Z</time></trkpt>
      <trkpt lat="-48.88522" lon="-123.40112"><ele>4.4</ele><time>2024-03-25T01:36:40Z</time></trkpt>
      <trkpt lat="-48.88524" lon="-123.40111"><ele>4.4</ele><time>2024-03-25T01:36:41Z</time></trkpt>
      <trkpt lat="-48.88527" lon="-123.40109"><ele>4.4</ele><time>2024-03-25T01:36:42Z</time></trkpt>
      <trkpt lat="-48.88530" lon="-123.40108"><ele>4.4</ele><time>2024-03-25T01:36:43Z</time></trkpt>
      <trkpt lat="-48.88531" lon="-123.40107"><ele>4.4</ele><time>2024-03-25T01:36:44Z</time></trkpt>
      <trkpt lat="-48.88534" lon="-123.40105"><ele>4.4</ele><time>2024-03-25T01:36:45Z</time></trkpt>
      <trkpt lat="-48.88537" lon="-123.40103"><ele>4.4</ele><time>2024-03-25T01:36:46Z</time></trkpt>
      <trkpt lat="-48.88538" lon="-123.40102"><ele>4.4</ele><time>2024-03-25T01:36:47Z</time></trkpt>
      <trkpt lat="-48.88542" lon="-123.40099"><ele>4.4</ele><time>2024-03-25T01:36:48Z</time></trkpt>
      <trkpt lat="-48.88543" lon="-123.40098"><ele>4.4</ele><time>2024-03-25T01:36:49Z</time></trkpt>
      <trkpt lat="-48.88547" lon="-123.40096"><ele>4.4</ele><time>2024-03-25T01:36:50Z</time></trkpt>
      <trkpt lat="-48.88548" lon="-123.40095"><ele>4.4</ele><time>2024-03-25T01:36:51Z</time></trkpt>
      <trkpt lat="-48.88549" lon="-123.40094"><ele>4.4</ele><time>2024-03-25T01:36:52Z</time></trkpt>
      <trkpt lat="-48.88551" lon="-123.40093"><ele>4.4</ele><time>2024-03-25T01:36:53Z</time></trkpt>
      <trkpt lat="-48.88554" lon="-123.40092"><ele>4.4</ele><time>2024-03-25T01:36:54Z</time></trkpt>
      <trkpt lat="-48.88557" lon="-123.40090"><ele>4.4</ele><time>2024-03-25T01:36:55Z</time></trkpt>
      <trkpt lat="-48.88558" lon="-123.40089"><ele>4.4</ele><time>2024-03-25T01:36:56Z</time></trkpt>
      <trkpt lat="-48.88561" lon="-123.40088"><ele>4.4</ele><time>2024-03-25T01:36:57Z</time></trkpt>
      <trkpt lat="-48.88562" lon="-123.40087"><ele>4.4</ele><time>2024-03-25T01:36:58Z</time></trkpt>
      <trkpt lat="-48.88565" lon="-123.40086"><ele>4.4</ele><time>2024-03-25T01:36:59Z</time></trkpt>
      <trkpt lat="-48.88566" lon="-123.40085"><ele>4.4</ele><time>2024-03-25T01:37:00Z</time></trkpt>
      <trkpt lat="-48.88570" lon="-123.40084"><ele>4.4</ele><time>2024-03-25T01:37:01Z</time></trkpt>
      <trkpt lat="-48.88571" lon="-123.40083"><ele>4.4</ele><time>2024-03-25T01:37:02Z</time></trkpt>
      <trkpt lat="-48.88574" lon="-123.40081"><ele>4.4</ele><time>2024-03-25T01:37:03Z</time></trkpt>
      <trkpt lat="-48.88575" lon="-123.40081"><ele>4.4</ele><time>2024-03-25T01:37:04Z</time></trkpt>
      <trkpt lat="-48.88578" lon="-123.40078"><ele>4.4</ele><time>2024-03-25T01:37:05Z</time></trkpt>
      <trkpt lat="-48.88579" lon="-123.40077"><ele>4.4</ele><time>2024-03-25T01:37:06Z</time></trkpt>
      <trkpt lat="-48.88581" lon="-123.40075"><ele>4.4</ele><time>2024-03-25T01:37:07Z</time></trkpt>
      <trkpt lat="-48.88585" lon="-123.40072"><ele>4.4</ele><time>2024-03-25T01:37:08Z</time></trkpt>
      <trkpt lat="-48.88586" lon="-123.40072"><ele>4.4</ele><time>2024-03-25T01:37:09Z</time></trkpt>
      <trkpt lat="-48.88589" lon="-123.40069"><ele>4.3</ele><time>2024-03-25T01:37:10Z</time></trkpt>
      <trkpt lat="-48.88591" lon="-123.40068"><ele>4.3</ele><time>2024-03-25T01:37:11Z</time></trkpt>
      <trkpt lat="-48.88595" lon="-123.40065"><ele>4.3</ele><time>2024-03-25T01:37:12Z</time></trkpt>
      <trkpt lat="-48.88597" lon="-123.40064"><ele>4.3</ele><time>2024-03-25T01:37:13Z</time></trkpt>
      <trkpt lat="-48.88600" lon="-123.40062"><ele>4.3</ele><time>2024-03-25T01:37:14Z</time></trkpt>
      <trkpt lat="-48.88602" lon="-123.40060"><ele>4.3</ele><time>2024-03-25T01:37:15Z</time></trkpt>
      <trkpt lat="-48.88605" lon="-123.40059"><ele>4.3</ele><time>2024-03-25T01:37:16Z</time></trkpt>
      <trkpt lat="-48.88608" lon="-123.40057"><ele>4.3</ele><time>2024-03-25T01:37:17Z</time></trkpt>
      <trkpt lat="-48.88612" lon="-123.40055"><ele>4.3</ele><time>2024-03-25T01:37:18Z</time></trkpt>
      <trkpt lat="-48.88613" lon="-123.40054"><ele>4.3</ele><time>2024-03-25T01:37:19Z</time></trkpt>
      <trkpt lat="-48.88616" lon="-123.40052"><ele>4.3</ele><time>2024-03-25T01:37:20Z</time></trkpt>
      <trkpt lat="-48.88617" lon="-123.40051"><ele>4.3</ele><time>2024-03-25T01:37:21Z</time></trkpt>
      <trkpt lat="-48.88621" lon="-123.40049"><ele>4.3</ele><time>2024-03-25T01:37:22Z</time></trkpt>
      <trkpt lat="-48.88622" lon="-123.40048"><ele>4.4</ele><time>2024-03-25T01:37:23Z</time></trkpt>
      <trkpt lat="-48.88625" lon="-123.40046"><ele>4.4</ele><time>2024-03-25T01:37:24Z</time></trkpt>
      <trkpt lat="-48.88627" lon="-123.40044"><ele>4.4</ele><time>2024-03-25T01:37:25Z</time></trkpt>
      <trkpt lat="-48.88630" lon="-123.40043"><ele>4.4</ele><time>2024-03-25T01:37:26Z</time></trkpt>
      <trkpt lat="-48.88632" lon="-123.40041"><ele>4.4</ele><time>2024-03-25T01:37:27Z</time></trkpt>
      <trkpt lat="-48.88635" lon="-123.40038"><ele>4.4</ele><time>2024-03-25T01:37:28Z</time></trkpt>
      <trkpt lat="-48.88637" lon="-123.40036"><ele>4.4</ele><time>2024-03-25T01:37:29Z</time></trkpt>
      <trkpt lat="-48.88639" lon="-123.40033"><ele>4.4</ele><time>2024-03-25T01:37:30Z</time></trkpt>
      <trkpt lat="-48.88641" lon="-123.40031"><ele>4.4</ele><time>2024-03-25T01:37:31Z</time></trkpt>
      <trkpt lat="-48.88644" lon="-123.40027"><ele>4.4</ele><time>2024-03-25T01:37:32Z</time></trkpt>
      <trkpt lat="-48.88645" lon="-123.40026"><ele>4.4</ele><time>2024-03-25T01:37:33Z</time></trkpt>
      <trkpt lat="-48.88648" lon="-123.40023"><ele>4.4</ele><time>2024-03-25T01:37:34Z</time></trkpt>
      <trkpt lat="-48.88650" lon="-123.40020"><ele>4.4</ele><time>2024-03-25T01:37:35Z</time></trkpt>
      <trkpt lat="-48.88652" lon="-123.40017"><ele>4.4</ele><time>2024-03-25T01:37:36Z</time></trkpt>
      <trkpt lat="-48.88655" lon="-123.40013"><ele>4.4</ele><time>2024-03-25T01:37:37Z</time></trkpt>
      <trkpt lat="-48.88658" lon="-123.40010"><ele>4.4</ele><time>2024-03-25T01:37:38Z</time></trkpt>
      <trkpt lat="-48.88660" lon="-123.40008"><ele>4.4</ele><time>2024-03-25T01:37:39Z</time></trkpt>
      <trkpt lat="-48.88663" lon="-123.40006"><ele>4.4</ele><time>2024-03-25T01:37:40Z</time></trkpt>
      <trkpt lat="-48.88666" lon="-123.40004"><ele>4.4</ele><time>2024-03-25T01:37:41Z</time></trkpt>
      <trkpt lat="-48.88668" lon="-123.40003"><ele>4.4</ele><time>2024-03-25T01:37:42Z</time></trkpt>
      <trkpt lat="-48.88671" lon="-123.40000"><ele>4.4</ele><time>2024-03-25T01:37:43Z</time></trkpt>
      <trkpt lat="-48.88672" lon="-123.39999"><ele>4.4</ele><time>2024-03-25T01:37:44Z</time></trkpt>
      <trkpt lat="-48.88675" lon="-123.39996"><ele>4.4</ele><time>2024-03-25T01:37:45Z</time></trkpt>
      <trkpt lat="-48.88676" lon="-123.39995"><ele>4.4</ele><time>2024-03-25T01:37:46Z</time></trkpt>
      <trkpt lat="-48.88679" lon="-123.39991"><ele>4.4</ele><time>2024-03-25T01:37:47Z</time></trkpt>
      <trkpt lat="-48.88680" lon="-123.39990"><ele>4.4</ele><time>2024-03-25T01:37:48Z</time></trkpt>
      <trkpt lat="-48.88683" lon="-123.39987"><ele>4.4</ele><time>2024-03-25T01:37:49Z</time></trkpt>
      <trkpt lat="-48.88684" lon="-123.39986"><ele>4.4</ele><time>2024-03-25T01:37:50Z</time></trkpt>
      <trkpt lat="-48.88686" lon="-123.39984"><ele>4.4</ele><time>2024-03-25T01:37:51Z</time></trkpt>
      <trkpt lat="-48.88690" lon="-123.39980"><ele>4.4</ele><time>2024-03-25T01:37:52Z</time></trkpt>
      <trkpt lat="-48.88691" lon="-123.39979"><ele>4.4</ele><time>2024-03-25T01:37:53Z</time></trkpt>
      <trkpt lat="-48.88694" lon="-123.39976"><ele>4.4</ele><time>2024-03-25T01:37:54Z</time></trkpt>
      <trkpt lat="-48.88695" lon="-123.39974"><ele>4.4</ele><time>2024-03-25T01:37:55Z</time></trkpt>
      <trkpt lat="-48.88699" lon="-123.39972"><ele>4.4</ele><time>2024-03-25T01:37:56Z</time></trkpt>
      <trkpt lat="-48.88700" lon="-123.39970"><ele>4.4</ele><time>2024-03-25T01:37:57Z</time></trkpt>
      <trkpt lat="-48.88703" lon="-123.39968"><ele>4.4</ele><time>2024-03-25T01:37:58Z</time></trkpt>
      <trkpt lat="-48.88704" lon="-123.39967"><ele>4.4</ele><time>2024-03-25T01:37:59Z</time></trkpt>
      <trkpt lat="-48.88707" lon="-123.39964"><ele>4.4</ele><time>2024-03-25T01:38:00Z</time></trkpt>
      <trkpt lat="-48.88708" lon="-123.39963"><ele>4.4</ele><time>2024-03-25T01:38:01Z</time></trkpt>
      <trkpt lat="-48.88711" lon="-123.39961"><ele>4.4</ele><time>2024-03-25T01:38:02Z</time></trkpt>
      <trkpt lat="-48.88712" lon="-123.39960"><ele>4.4</ele><time>2024-03-25T01:38:03Z</time></trkpt>
      <trkpt lat="-48.88715" lon="-123.39958"><ele>4.4</ele><time>2024-03-25T01:38:04Z</time></trkpt>
      <trkpt lat="-48.88717" lon="-123.39957"><ele>4.4</ele><time>2024-03-25T01:38:05Z</time></trkpt>
      <trkpt lat="-48.88720" lon="-123.39954"><ele>4.4</ele><time>2024-03-25T01:38:06Z</time></trkpt>
      <trkpt lat="-48.88721" lon="-123.39953"><ele>4.4</ele><time>2024-03-25T01:38:07Z</time></trkpt>
      <trkpt lat="-48.88724" lon="-123.39950"><ele>4.3</ele><time>2024-03-25T01:38:08Z</time></trkpt>
      <trkpt lat="-48.88727" lon="-123.39947"><ele>4.3</ele><time>2024-03-25T01:38:09Z</time></trkpt>
      <trkpt lat="-48.88728" lon="-123.39946"><ele>4.3</ele><time>2024-03-25T01:38:10Z</time></trkpt>
      <trkpt lat="-48.88731" lon="-123.39942"><ele>4.3</ele><time>2024-03-25T01:38:11Z</time></trkpt>
      <trkpt lat="-48.88732" lon="-123.39941"><ele>4.3</ele><time>2024-03-25T01:38:12Z</time></trkpt>
      <trkpt lat="-48.88735" lon="-123.39938"><ele>4.3</ele><time>2024-03-25T01:38:13Z</time></trkpt>
      <trkpt lat="-48.88738" lon="-123.39935"><ele>4.3</ele><time>2024-03-25T01:38:14Z</time></trkpt>
      <trkpt lat="-48.88739" lon="-123.39934"><ele>4.3</ele><time>2024-03-25T01:38:15Z</time></trkpt>
      <trkpt lat="-48.88742" lon="-123.39931"><ele>4.3</ele><time>2024-03-25T01:38:16Z</time></trkpt>
      <trkpt lat="-48.88743" lon="-123.39930"><ele>4.3</ele><time>2024-03-25T01:38:17Z</time></trkpt>
      <trkpt lat="-48.88746" lon="-123.39927"><ele>4.3</ele><time>2024-03-25T01:38:18Z</time></trkpt>
      <trkpt lat="-48.88747" lon="-123.39925"><ele>4.3</ele><time>2024-03-25T01:38:19Z</time></trkpt>
      <trkpt lat="-48.88750" lon="-123.39922"><ele>4.3</ele><time>2024-03-25T01:38:20Z</time></trkpt>
      <trkpt lat="-48.88751" lon="-123.39920"><ele>4.3</ele><time>2024-03-25T01:38:21Z</time></trkpt>
      <trkpt lat="-48.88754" lon="-123.39916"><ele>4.3</ele><time>2024-03-25T01:38:22Z</time></trkpt>
      <trkpt lat="-48.88755" lon="-123.39915"><ele>4.4</ele><time>2024-03-25T01:38:23Z</time></trkpt>
      <trkpt lat="-48.88757" lon="-123.39911"><ele>4.4</ele><time>2024-03-25T01:38:24Z</time></trkpt>
      <trkpt lat="-48.88758" lon="-123.39909"><ele>4.4</ele><time>2024-03-25T01:38:25Z</time></trkpt>
      <trkpt lat="-48.88760" lon="-123.39906"><ele>4.4</ele><time>2024-03-25T01:38:26Z</time></trkpt>
      <trkpt lat="-48.88761" lon="-123.39904"><ele>4.4</ele><time>2024-03-25T01:38:27Z</time></trkpt>
      <trkpt lat="-48.88762" lon="-123.39900"><ele>4.4</ele><time>2024-03-25T01:38:28Z</time></trkpt>
      <trkpt lat="-48.88763" lon="-123.39898"><ele>4.4</ele><time>2024-03-25T01:38:29Z</time></trkpt>
      <trkpt lat="-48.88765" lon="-123.39894"><ele>4.4</ele><time>2024-03-25T01:38:30Z</time></trkpt>
      <trkpt lat="-48.88766" lon="-123.39893"><ele>4.4</ele><time>2024-03-25T01:38:31Z</time></trkpt>
      <trkpt lat="-48.88768" lon="-123.39889"><ele>4.5</ele><time>2024-03-25T01:38:32Z</time></trkpt>
      <trkpt lat="-48.88768" lon="-123.39888"><ele>4.5</ele><time>2024-03-25T01:38:33Z</time></trkpt>
      <trkpt lat="-48.88770" lon="-123.39884"><ele>4.5</ele><time>2024-03-25T01:38:34Z</time></trkpt>
      <trkpt lat="-48.88772" lon="-123.39880"><ele>4.5</ele><time>2024-03-25T01:38:35Z</time></trkpt>
      <trkpt lat="-48.88772" lon="-123.39879"><ele>4.5</ele><time>2024-03-25T01:38:36Z</time></trkpt>
      <trkpt lat="-48.88774" lon="-123.39875"><ele>4.5</ele><time>2024-03-25T01:38:37Z</time></trkpt>
      <trkpt lat="-48.88775" lon="-123.39873"><ele>4.5</ele><time>2024-03-25T01:38:38Z</time></trkpt>
      <trkpt lat="-48.88776" lon="-123.39869"><ele>4.5</ele><time>2024-03-25T01:38:39Z</time></trkpt>
      <trkpt lat="-48.88777" lon="-123.39868"><ele>4.5</ele><time>2024-03-25T01:38:40Z</time></trkpt>
      <trkpt lat="-48.88778" lon="-123.39864"><ele>4.5</ele><time>2024-03-25T01:38:41Z</time></trkpt>
      <trkpt lat="-48.88779" lon="-123.39862"><ele>4.5</ele><time>2024-03-25T01:38:42Z</time></trkpt>
      <trkpt lat="-48.88781" lon="-123.39859"><ele>4.6</ele><time>2024-03-25T01:38:43Z</time></trkpt>
      <trkpt lat="-48.88783" lon="-123.39855"><ele>4.6</ele><time>2024-03-25T01:38:44Z</time></trkpt>
      <trkpt lat="-48.88784" lon="-123.39854"><ele>4.6</ele><time>2024-03-25T01:38:45Z</time></trkpt>
      <trkpt lat="-48.88785" lon="-123.39850"><ele>4.6</ele><time>2024-03-25T01:38:46Z</time></trkpt>
      <trkpt lat="-48.88786" lon="-123.39849"><ele>4.6</ele><time>2024-03-25T01:38:47Z</time></trkpt>
      <trkpt lat="-48.88788" lon="-123.39845"><ele>4.6</ele><time>2024-03-25T01:38:48Z</time></trkpt>
      <trkpt lat="-48.88788" lon="-123.39844"><ele>4.6</ele><time>2024-03-25T01:38:49Z</time></trkpt>
      <trkpt lat="-48.88790" lon="-123.39839"><ele>4.6</ele><time>2024-03-25T01:38:50Z</time></trkpt>
      <trkpt lat="-48.88791" lon="-123.39837"><ele>4.7</ele><time>2024-03-25T01:38:51Z</time></trkpt>
      <trkpt lat="-48.88792" lon="-123.39833"><ele>4.7</ele><time>2024-03-25T01:38:52Z</time></trkpt>
      <trkpt lat="-48.88793" lon="-123.39832"><ele>4.7</ele><time>2024-03-25T01:38:53Z</time></trkpt>
      <trkpt lat="-48.88794" lon="-123.39827"><ele>4.7</ele><time>2024-03-25T01:38:54Z</time></trkpt>
      <trkpt lat="-48.88795" lon="-123.39826"><ele>4.7</ele><time>2024-03-25T01:38:55Z</time></trkpt>
      <trkpt lat="-48.88796" lon="-123.39821"><ele>4.7</ele><time>2024-03-25T01:38:56Z</time></trkpt>
      <trkpt lat="-48.88797" lon="-123.39819"><ele>4.7</ele><time>2024-03-25T01:38:57Z</time></trkpt>
      <trkpt lat="-48.88797" lon="-123.39815"><ele>4.7</ele><time>2024-03-25T01:38:58Z</time></trkpt>
      <trkpt lat="-48.88799" lon="-123.39810"><ele>4.7</ele><time>2024-03-25T01:38:59Z</time></trkpt>
      <trkpt lat="-48.88799" lon="-123.39808"><ele>4.7</ele><time>2024-03-25T01:39:00Z</time></trkpt>
      <trkpt lat="-48.88801" lon="-123.39803"><ele>4.8</ele><time>2024-03-25T01:39:01Z</time></trkpt>
      <trkpt lat="-48.88801" lon="-123.39801"><ele>4.8</ele><time>2024-03-25T01:39:02Z</time></trkpt>
      <trkpt lat="-48.88803" lon="-123.39796"><ele>4.8</ele><time>2024-03-25T01:39:03Z</time></trkpt>
      <trkpt lat="-48.88803" lon="-123.39794"><ele>4.8</ele><time>2024-03-25T01:39:04Z</time></trkpt>
      <trkpt lat="-48.88804" lon="-123.39790"><ele>4.8</ele><time>2024-03-25T01:39:05Z</time></trkpt>
      <trkpt lat="-48.88805" lon="-123.39785"><ele>4.8</ele><time>2024-03-25T01:39:06Z</time></trkpt>
      <trkpt lat="-48.88806" lon="-123.39783"><ele>4.8</ele><time>2024-03-25T01:39:07Z</time></trkpt>
      <trkpt lat="-48.88806" lon="-123.39778"><ele>4.8</ele><time>2024-03-25T01:39:08Z</time></trkpt>
      <trkpt lat="-48.88807" lon="-123.39777"><ele>4.8</ele><time>2024-03-25T01:39:09Z</time></trkpt>
      <trkpt lat="-48.88808" lon="-123.39772"><ele>4.8</ele><time>2024-03-25T01:39:10Z</time></trkpt>
      <trkpt lat="-48.88808" lon="-123.39770"><ele>4.8</ele><time>2024-03-25T01:39:11Z</time></trkpt>
      <trkpt lat="-48.88810" lon="-123.39765"><ele>4.7</ele><time>2024-03-25T01:39:12Z</time></trkpt>
      <trkpt lat="-48.88811" lon="-123.39763"><ele>4.7</ele><time>2024-03-25T01:39:13Z</time></trkpt>
      <trkpt lat="-48.88812" lon="-123.39759"><ele>4.7</ele><time>2024-03-25T01:39:14Z</time></trkpt>
      <trkpt lat="-48.88813" lon="-123.39754"><ele>4.7</ele><time>2024-03-25T01:39:15Z</time></trkpt>
      <trkpt lat="-48.88813" lon="-123.39752"><ele>4.7</ele><time>2024-03-25T01:39:16Z</time></trkpt>
      <trkpt lat="-48.88815" lon="-123.39747"><ele>4.7</ele><time>2024-03-25T01:39:17Z</time></trkpt>
      <trkpt lat="-48.88815" lon="-123.39745"><ele>4.7</ele><time>2024-03-25T01:39:18Z</time></trkpt>
      <trkpt lat="-48.88817" lon="-123.39740"><ele>4.7</ele><time>2024-03-25T01:39:19Z</time></trkpt>
      <trkpt lat="-48.88817" lon="-123.39739"><ele>4.7</ele><time>2024-03-25T01:39:20Z</time></trkpt>
      <trkpt lat="-48.88819" lon="-123.39735"><ele>4.6</ele><time>2024-03-25T01:39:21Z</time></trkpt>
      <trkpt lat="-48.88819" lon="-123.39733"><ele>4.6</ele><time>2024-03-25T01:39:22Z</time></trkpt>
      <trkpt lat="-48.88820" lon="-123.39729"><ele>4.6</ele><time>2024-03-25T01:39:23Z</time></trkpt>
      <trkpt lat="-48.88822" lon="-123.39725"><ele>4.6</ele><time>2024-03-25T01:39:24Z</time></trkpt>
      <trkpt lat="-48.88823" lon="-123.39721"><ele>4.5</ele><time>2024-03-25T01:39:25Z</time></trkpt>
      <trkpt lat="-48.88824" lon="-123.39715"><ele>4.5</ele><time>2024-03-25T01:39:26Z</time></trkpt>
      <trkpt lat="-48.88824" lon="-123.39714"><ele>4.5</ele><time>2024-03-25T01:39:27Z</time></trkpt>
      <trkpt lat="-48.88825" lon="-123.39709"><ele>4.5</ele><time>2024-03-25T01:39:28Z</time></trkpt>
      <trkpt lat="-48.88826" lon="-123.39703"><ele>4.5</ele><time>2024-03-25T01:39:29Z</time></trkpt>
      <trkpt lat="-48.88827" lon="-123.39701"><ele>4.5</ele><time>2024-03-25T01:39:30Z</time></trkpt>
      <trkpt lat="-48.88828" lon="-123.39696"><ele>4.4</ele><time>2024-03-25T01:39:31Z</time></trkpt>
      <trkpt lat="-48.88829" lon="-123.39690"><ele>4.4</ele><time>2024-03-25T01:39:32Z</time></trkpt>
      <trkpt lat="-48.88830" lon="-123.39686"><ele>4.4</ele><time>2024-03-25T01:39:33Z</time></trkpt>
      <trkpt lat="-48.88831" lon="-123.39680"><ele>4.4</ele><time>2024-03-25T01:39:34Z</time></trkpt>
      <trkpt lat="-48.88831" lon="-123.39678"><ele>4.4</ele><time>2024-03-25T01:39:35Z</time></trkpt>
      <trkpt lat="-48.88832" lon="-123.39672"><ele>4.4</ele><time>2024-03-25T01:39:36Z</time></trkpt>
      <trkpt lat="-48.88832" lon="-123.39670"><ele>4.4</ele><time>2024-03-25T01:39:37Z</time></trkpt>
      <trkpt lat="-48.88833" lon="-123.39665"><ele>4.4</ele><time>2024-03-25T01:39:38Z</time></trkpt>
      <trkpt lat="-48.88835" lon="-123.39659"><ele>4.5</ele><time>2024-03-25T01:39:39Z</time></trkpt>
      <trkpt lat="-48.88836" lon="-123.39657"><ele>4.5</ele><time>2024-03-25T01:39:40Z</time></trkpt>
      <trkpt lat="-48.88837" lon="-123.39653"><ele>4.5</ele><time>2024-03-25T01:39:41Z</time></trkpt>
      <trkpt lat="-48.88838" lon="-123.39648"><ele>4.5</ele><time>2024-03-25T01:39:42Z</time></trkpt>
      <trkpt lat="-48.88838" lon="-123.39646"><ele>4.6</ele><time>2024-03-25T01:39:43Z</time></trkpt>
      <trkpt lat="-48.88839" lon="-123.39641"><ele>4.6</ele><time>2024-03-25T01:39:44Z</time></trkpt>
      <trkpt lat="-48.88840" lon="-123.39639"><ele>4.6</ele><time>2024-03-25T01:39:45Z</time></trkpt>
      <trkpt lat="-48.88841" lon="-123.39634"><ele>4.6</ele><time>2024-03-25T01:39:46Z</time></trkpt>
      <trkpt lat="-48.88841" lon="-123.39633"><ele>4.6</ele><time>2024-03-25T01:39:47Z</time></trkpt>
      <trkpt lat="-48.88842" lon="-123.39628"><ele>4.6</ele><time>2024-03-25T01:39:48Z</time></trkpt>
      <trkpt lat="-48.88843" lon="-123.39626"><ele>4.6</ele><time>2024-03-25T01:39:49Z</time></trkpt>
      <trkpt lat="-48.88843" lon="-123.39621"><ele>4.6</ele><time>2024-03-25T01:39:50Z</time></trkpt>
      <trkpt lat="-48.88844" lon="-123.39620"><ele>4.6</ele><time>2024-03-25T01:39:51Z</time></trkpt>
      <trkpt lat="-48.88844" lon="-123.39615"><ele>4.6</ele><time>2024-03-25T01:39:52Z</time></trkpt>
      <trkpt lat="-48.88845" lon="-123.39613"><ele>4.6</ele><time>2024-03-25T01:39:53Z</time></trkpt>
      <trkpt lat="-48.88846" lon="-123.39608"><ele>4.6</ele><time>2024-03-25T01:39:54Z</time></trkpt>
      <trkpt lat="-48.88846" lon="-123.39607"><ele>4.6</ele><time>2024-03-25T01:39:55Z</time></trkpt>
      <trkpt lat="-48.88847" lon="-123.39603"><ele>4.6</ele><time>2024-03-25T01:39:56Z</time></trkpt>
      <trkpt lat="-48.88848" lon="-123.39598"><ele>4.6</ele><time>2024-03-25T01:39:57Z</time></trkpt>
      <trkpt lat="-48.88848" lon="-123.39596"><ele>4.6</ele><time>2024-03-25T01:39:58Z</time></trkpt>
      <trkpt lat="-48.88849" lon="-123.39591"><ele>4.6</ele><time>2024-03-25T01:39:59Z</time></trkpt>
      <trkpt lat="-48.88850" lon="-123.39589"><ele>4.6</ele><time>2024-03-25T01:40:00Z</time></trkpt>
      <trkpt lat="-48.88851" lon="-123.39584"><ele>4.6</ele><time>2024-03-25T01:40:01Z</time></trkpt>
      <trkpt lat="-48.88851" lon="-123.39582"><ele>4.5</ele><time>2024-03-25T01:40:02Z</time></trkpt>
      <trkpt lat="-48.88852" lon="-123.39577"><ele>4.5</ele><time>2024-03-25T01:40:03Z</time></trkpt>
      <trkpt lat="-48.88852" lon="-123.39575"><ele>4.5</ele><time>2024-03-25T01:40:04Z</time></trkpt>
      <trkpt lat="-48.88852" lon="-123.39571"><ele>4.5</ele><time>2024-03-25T01:40:05Z</time></trkpt>
      <trkpt lat="-48.88853" lon="-123.39564"><ele>4.5</ele><time>2024-03-25T01:40:06Z</time></trkpt>
      <trkpt lat="-48.88853" lon="-123.39562"><ele>4.5</ele><time>2024-03-25T01:40:07Z</time></trkpt>
      <trkpt lat="-48.88853" lon="-123.39557"><ele>4.5</ele><time>2024-03-25T01:40:08Z</time></trkpt>
      <trkpt lat="-48.88853" lon="-123.39555"><ele>4.5</ele><time>2024-03-25T01:40:09Z</time></trkpt>
      <trkpt lat="-48.88853" lon="-123.39549"><ele>4.5</ele><time>2024-03-25T01:40:10Z</time></trkpt>
      <trkpt lat="-48.88853" lon="-123.39547"><ele>4.5</ele><time>2024-03-25T01:40:11Z</time></trkpt>
      <trkpt lat="-48.88854" lon="-123.39542"><ele>4.4</ele><time>2024-03-25T01:40:12Z</time></trkpt>
      <trkpt lat="-48.88854" lon="-123.39540"><ele>4.4</ele><time>2024-03-25T01:40:13Z</time></trkpt>
      <trkpt lat="-48.88855" lon="-123.39535"><ele>4.4</ele><time>2024-03-25T01:40:14Z</time></trkpt>
      <trkpt lat="-48.88855" lon="-123.39533"><ele>4.4</ele><time>2024-03-25T01:40:15Z</time></trkpt>
      <trkpt lat="-48.88855" lon="-123.39527"><ele>4.4</ele><time>2024-03-25T01:40:16Z</time></trkpt>
      <trkpt lat="-48.88855" lon="-123.39526"><ele>4.4</ele><time>2024-03-25T01:40:17Z</time></trkpt>
      <trkpt lat="-48.88856" lon="-123.39521"><ele>4.4</ele><time>2024-03-25T01:40:18Z</time></trkpt>
      <trkpt lat="-48.88856" lon="-123.39519"><ele>4.4</ele><time>2024-03-25T01:40:19Z</time></trkpt>
      <trkpt lat="-48.88856" lon="-123.39513"><ele>4.4</ele><time>2024-03-25T01:40:20Z</time></trkpt>
      <trkpt lat="-48.88856" lon="-123.39512"><ele>4.4</ele><time>2024-03-25T01:40:21Z</time></trkpt>
      <trkpt lat="-48.88856" lon="-123.39506"><ele>4.4</ele><time>2024-03-25T01:40:22Z</time></trkpt>
      <trkpt lat="-48.88856" lon="-123.39505"><ele>4.4</ele><time>2024-03-25T01:40:23Z</time></trkpt>
      <trkpt lat="-48.88856" lon="-123.39500"><ele>4.4</ele><time>2024-03-25T01:40:24Z</time></trkpt>
      <trkpt lat="-48.88857" lon="-123.39499"><ele>4.4</ele><time>2024-03-25T01:40:25Z</time></trkpt>
      <trkpt lat="-48.88857" lon="-123.39493"><ele>4.4</ele><time>2024-03-25T01:40:26Z</time></trkpt>
      <trkpt lat="-48.88857" lon="-123.39491"><ele>4.4</ele><time>2024-03-25T01:40:27Z</time></trkpt>
      <trkpt lat="-48.88857" lon="-123.39486"><ele>4.5</ele><time>2024-03-25T01:40:28Z</time></trkpt>
      <trkpt lat="-48.88857" lon="-123.39484"><ele>4.5</ele><time>2024-03-25T01:40:29Z</time></trkpt>
      <trkpt lat="-48.88857" lon="-123.39479"><ele>4.5</ele><time>2024-03-25T01:40:30Z</time></trkpt>
      <trkpt lat="-48.88857" lon="-123.39475"><ele>4.5</ele><time>2024-03-25T01:40:31Z</time></trkpt>
      <trkpt lat="-48.88857" lon="-123.39470"><ele>4.5</ele><time>2024-03-25T01:40:32Z</time></trkpt>
      <trkpt lat="-48.88857" lon="-123.39464"><ele>4.5</ele><time>2024-03-25T01:40:33Z</time></trkpt>
      <trkpt lat="-48.88857" lon="-123.39461"><ele>4.5</ele><time>2024-03-25T01:40:34Z</time></trkpt>
      <trkpt lat="-48.88856" lon="-123.39456"><ele>4.5</ele><time>2024-03-25T01:40:35Z</time></trkpt>
      <trkpt lat="-48.88856" lon="-123.39452"><ele>4.5</ele><time>2024-03-25T01:40:36Z</time></trkpt>
      <trkpt lat="-48.88856" lon="-123.39446"><ele>4.5</ele><time>2024-03-25T01:40:37Z</time></trkpt>
      <trkpt lat="-48.88856" lon="-123.39443"><ele>4.5</ele><time>2024-03-25T01:40:38Z</time></trkpt>
      <trkpt lat="-48.88856" lon="-123.39439"><ele>4.5</ele><time>2024-03-25T01:40:39Z</time></trkpt>
      <trkpt lat="-48.88856" lon="-123.39434"><ele>4.5</ele><time>2024-03-25T01:40:40Z</time></trkpt>
      <trkpt lat="-48.88856" lon="-123.39432"><ele>4.5</ele><time>2024-03-25T01:40:41Z</time></trkpt>
      <trkpt lat="-48.88856" lon="-123.39427"><ele>4.5</ele><time>2024-03-25T01:40:42Z</time></trkpt>
      <trkpt lat="-48.88856" lon="-123.39426"><ele>4.5</ele><time>2024-03-25T01:40:43Z</time></trkpt>
      <trkpt lat="-48.88856" lon="-123.39420"><ele>4.5</ele><time>2024-03-25T01:40:44Z</time></trkpt>
      <trkpt lat="-48.88856" lon="-123.39418"><ele>4.5</ele><time>2024-03-25T01:40:45Z</time></trkpt>
      <trkpt lat="-48.88856" lon="-123.39414"><ele>4.5</ele><time>2024-03-25T01:40:46Z</time></trkpt>
      <trkpt lat="-48.88856" lon="-123.39409"><ele>4.5</ele><time>2024-03-25T01:40:47Z</time></trkpt>
      <trkpt lat="-48.88856" lon="-123.39404"><ele>4.5</ele><time>2024-03-25T01:40:48Z</time></trkpt>
      <trkpt lat="-48.88856" lon="-123.39399"><ele>4.4</ele><time>2024-03-25T01:40:49Z</time></trkpt>
      <trkpt lat="-48.88857" lon="-123.39393"><ele>4.4</ele><time>2024-03-25T01:40:50Z</time></trkpt>
      <trkpt lat="-48.88857" lon="-123.39387"><ele>4.4</ele><time>2024-03-25T01:40:51Z</time></trkpt>
      <trkpt lat="-48.88858" lon="-123.39385"><ele>4.4</ele><time>2024-03-25T01:40:52Z</time></trkpt>
      <trkpt lat="-48.88858" lon="-123.39381"><ele>4.4</ele><time>2024-03-25T01:40:53Z</time></trkpt>
      <trkpt lat="-48.88859" lon="-123.39376"><ele>4.4</ele><time>2024-03-25T01:40:54Z</time></trkpt>
      <trkpt lat="-48.88860" lon="-123.39372"><ele>4.4</ele><time>2024-03-25T01:40:55Z</time></trkpt>
      <trkpt lat="-48.88860" lon="-123.39371"><ele>4.4</ele><time>2024-03-25T01:40:56Z</time></trkpt>
      <trkpt lat="-48.88862" lon="-123.39366"><ele>4.4</ele><time>2024-03-25T01:40:57Z</time></trkpt>
      <trkpt lat="-48.88862" lon="-123.39365"><ele>4.4</ele><time>2024-03-25T01:40:58Z</time></trkpt>
      <trkpt lat="-48.88864" lon="-123.39360"><ele>4.4</ele><time>2024-03-25T01:40:59Z</time></trkpt>
      <trkpt lat="-48.88865" lon="-123.39358"><ele>4.4</ele><time>2024-03-25T01:41:00Z</time></trkpt>
      <trkpt lat="-48.88866" lon="-123.39354"><ele>4.4</ele><time>2024-03-25T01:41:01Z</time></trkpt>
      <trkpt lat="-48.88867" lon="-123.39350"><ele>4.4</ele><time>2024-03-25T01:41:02Z</time></trkpt>
      <trkpt lat="-48.88868" lon="-123.39345"><ele>4.4</ele><time>2024-03-25T01:41:03Z</time></trkpt>
      <trkpt lat="-48.88869" lon="-123.39341"><ele>4.4</ele><time>2024-03-25T01:41:04Z</time></trkpt>
      <trkpt lat="-48.88870" lon="-123.39336"><ele>4.4</ele><time>2024-03-25T01:41:05Z</time></trkpt>
      <trkpt lat="-48.88871" lon="-123.39332"><ele>4.4</ele><time>2024-03-25T01:41:06Z</time></trkpt>
      <trkpt lat="-48.88871" lon="-123.39327"><ele>4.4</ele><time>2024-03-25T01:41:07Z</time></trkpt>
      <trkpt lat="-48.88872" lon="-123.39321"><ele>4.4</ele><time>2024-03-25T01:41:08Z</time></trkpt>
      <trkpt lat="-48.88873" lon="-123.39319"><ele>4.4</ele><time>2024-03-25T01:41:09Z</time></trkpt>
      <trkpt lat="-48.88873" lon="-123.39314"><ele>4.4</ele><time>2024-03-25T01:41:10Z</time></trkpt>
      <trkpt lat="-48.88874" lon="-123.39312"><ele>4.4</ele><time>2024-03-25T01:41:11Z</time></trkpt>
      <trkpt lat="-48.88874" lon="-123.39306"><ele>4.4</ele><time>2024-03-25T01:41:12Z</time></trkpt>
      <trkpt lat="-48.88874" lon="-123.39304"><ele>4.4</ele><time>2024-03-25T01:41:13Z</time></trkpt>
      <trkpt lat="-48.88875" lon="-123.39298"><ele>4.4</ele><time>2024-03-25T01:41:14Z</time></trkpt>
      <trkpt lat="-48.88875" lon="-123.39296"><ele>4.4</ele><time>2024-03-25T01:41:15Z</time></trkpt>
      <trkpt lat="-48.88875" lon="-123.39290"><ele>4.4</ele><time>2024-03-25T01:41:16Z</time></trkpt>
      <trkpt lat="-48.88875" lon="-123.39289"><ele>4.4</ele><time>2024-03-25T01:41:17Z</time></trkpt>
      <trkpt lat="-48.88875" lon="-123.39283"><ele>4.4</ele><time>2024-03-25T01:41:18Z</time></trkpt>
      <trkpt lat="-48.88875" lon="-123.39281"><ele>4.4</ele><time>2024-03-25T01:41:19Z</time></trkpt>
      <trkpt lat="-48.88876" lon="-123.39276"><ele>4.4</ele><time>2024-03-25T01:41:20Z</time></trkpt>
      <trkpt lat="-48.88876" lon="-123.39274"><ele>4.4</ele><time>2024-03-25T01:41:21Z</time></trkpt>
      <trkpt lat="-48.88876" lon="-123.39269"><ele>4.4</ele><time>2024-03-25T01:41:22Z</time></trkpt>
      <trkpt lat="-48.88876" lon="-123.39265"><ele>4.4</ele><time>2024-03-25T01:41:23Z</time></trkpt>
      <trkpt lat="-48.88877" lon="-123.39261"><ele>4.4</ele><time>2024-03-25T01:41:24Z</time></trkpt>
      <trkpt lat="-48.88877" lon="-123.39255"><ele>4.4</ele><time>2024-03-25T01:41:25Z</time></trkpt>
      <trkpt lat="-48.88878" lon="-123.39253"><ele>4.4</ele><time>2024-03-25T01:41:26Z</time></trkpt>
      <trkpt lat="-48.88878" lon="-123.39247"><ele>4.4</ele><time>2024-03-25T01:41:27Z</time></trkpt>
      <trkpt lat="-48.88878" lon="-123.39245"><ele>4.4</ele><time>2024-03-25T01:41:28Z</time></trkpt>
      <trkpt lat="-48.88878" lon="-123.39241"><ele>4.4</ele><time>2024-03-25T01:41:29Z</time></trkpt>
      <trkpt lat="-48.88878" lon="-123.39236"><ele>4.4</ele><time>2024-03-25T01:41:30Z</time></trkpt>
      <trkpt lat="-48.88878" lon="-123.39230"><ele>4.4</ele><time>2024-03-25T01:41:31Z</time></trkpt>
      <trkpt lat="-48.88878" lon="-123.39229"><ele>4.4</ele><time>2024-03-25T01:41:32Z</time></trkpt>
      <trkpt lat="-48.88879" lon="-123.39224"><ele>4.4</ele><time>2024-03-25T01:41:33Z</time></trkpt>
      <trkpt lat="-48.88879" lon="-123.39218"><ele>4.4</ele><time>2024-03-25T01:41:34Z</time></trkpt>
      <trkpt lat="-48.88880" lon="-123.39216"><ele>4.4</ele><time>2024-03-25T01:41:35Z</time></trkpt>
      <trkpt lat="-48.88881" lon="-123.39211"><ele>4.4</ele><time>2024-03-25T01:41:36Z</time></trkpt>
      <trkpt lat="-48.88881" lon="-123.39209"><ele>4.4</ele><time>2024-03-25T01:41:37Z</time></trkpt>
      <trkpt lat="-48.88882" lon="-123.39204"><ele>4.4</ele><time>2024-03-25T01:41:38Z</time></trkpt>
      <trkpt lat="-48.88883" lon="-123.39202"><ele>4.4</ele><time>2024-03-25T01:41:39Z</time></trkpt>
      <trkpt lat="-48.88884" lon="-123.39198"><ele>4.4</ele><time>2024-03-25T01:41:40Z</time></trkpt>
      <trkpt lat="-48.88884" lon="-123.39196"><ele>4.4</ele><time>2024-03-25T01:41:41Z</time></trkpt>
      <trkpt lat="-48.88885" lon="-123.39192"><ele>4.4</ele><time>2024-03-25T01:41:42Z</time></trkpt>
      <trkpt lat="-48.88885" lon="-123.39191"><ele>4.4</ele><time>2024-03-25T01:41:43Z</time></trkpt>
      <trkpt lat="-48.88886" lon="-123.39186"><ele>4.4</ele><time>2024-03-25T01:41:44Z</time></trkpt>
      <trkpt lat="-48.88887" lon="-123.39184"><ele>4.4</ele><time>2024-03-25T01:41:45Z</time></trkpt>
      <trkpt lat="-48.88888" lon="-123.39179"><ele>4.4</ele><time>2024-03-25T01:41:46Z</time></trkpt>
      <trkpt lat="-48.88888" lon="-123.39178"><ele>4.4</ele><time>2024-03-25T01:41:47Z</time></trkpt>
      <trkpt lat="-48.88889" lon="-123.39173"><ele>4.4</ele><time>2024-03-25T01:41:48Z</time></trkpt>
      <trkpt lat="-48.88890" lon="-123.39172"><ele>4.4</ele><time>2024-03-25T01:41:49Z</time></trkpt>
      <trkpt lat="-48.88891" lon="-123.39166"><ele>4.4</ele><time>2024-03-25T01:41:50Z</time></trkpt>
      <trkpt lat="-48.88891" lon="-123.39165"><ele>4.4</ele><time>2024-03-25T01:41:51Z</time></trkpt>
      <trkpt lat="-48.88893" lon="-123.39159"><ele>4.4</ele><time>2024-03-25T01:41:52Z</time></trkpt>
      <trkpt lat="-48.88894" lon="-123.39157"><ele>4.4</ele><time>2024-03-25T01:41:53Z</time></trkpt>
      <trkpt lat="-48.88896" lon="-123.39153"><ele>4.4</ele><time>2024-03-25T01:41:54Z</time></trkpt>
      <trkpt lat="-48.88897" lon="-123.39151"><ele>4.4</ele><time>2024-03-25T01:41:55Z</time></trkpt>
      <trkpt lat="-48.88899" lon="-123.39146"><ele>4.4</ele><time>2024-03-25T01:41:56Z</time></trkpt>
      <trkpt lat="-48.88900" lon="-123.39145"><ele>4.4</ele><time>2024-03-25T01:41:57Z</time></trkpt>
      <trkpt lat="-48.88901" lon="-123.39141"><ele>4.4</ele><time>2024-03-25T01:41:58Z</time></trkpt>
      <trkpt lat="-48.88903" lon="-123.39137"><ele>4.4</ele><time>2024-03-25T01:41:59Z</time></trkpt>
      <trkpt lat="-48.88904" lon="-123.39135"><ele>4.4</ele><time>2024-03-25T01:42:00Z</time></trkpt>
      <trkpt lat="-48.88906" lon="-123.39131"><ele>4.4</ele><time>2024-03-25T01:42:01Z</time></trkpt>
      <trkpt lat="-48.88907" lon="-123.39129"><ele>4.4</ele><time>2024-03-25T01:42:02Z</time></trkpt>
      <trkpt lat="-48.88909" lon="-123.39126"><ele>4.4</ele><time>2024-03-25T01:42:03Z</time></trkpt>
      <trkpt lat="-48.88911" lon="-123.39123"><ele>4.4</ele><time>2024-03-25T01:42:04Z</time></trkpt>
      <trkpt lat="-48.88913" lon="-123.39119"><ele>4.3</ele><time>2024-03-25T01:42:05Z</time></trkpt>
      <trkpt lat="-48.88914" lon="-123.39117"><ele>4.3</ele><time>2024-03-25T01:42:06Z</time></trkpt>
      <trkpt lat="-48.88916" lon="-123.39113"><ele>4.3</ele><time>2024-03-25T01:42:07Z</time></trkpt>
      <trkpt lat="-48.88917" lon="-123.39111"><ele>4.3</ele><time>2024-03-25T01:42:08Z</time></trkpt>
      <trkpt lat="-48.88919" lon="-123.39107"><ele>4.2</ele><time>2024-03-25T01:42:09Z</time></trkpt>
      <trkpt lat="-48.88920" lon="-123.39105"><ele>4.2</ele><time>2024-03-25T01:42:10Z</time></trkpt>
      <trkpt lat="-48.88923" lon="-123.39101"><ele>4.2</ele><time>2024-03-25T01:42:11Z</time></trkpt>
      <trkpt lat="-48.88923" lon="-123.39099"><ele>4.2</ele><time>2024-03-25T01:42:12Z</time></trkpt>
      <trkpt lat="-48.88925" lon="-123.39096"><ele>4.2</ele><time>2024-03-25T01:42:13Z</time></trkpt>
      <trkpt lat="-48.88927" lon="-123.39092"><ele>4.2</ele><time>2024-03-25T01:42:14Z</time></trkpt>
      <trkpt lat="-48.88928" lon="-123.39090"><ele>4.2</ele><time>2024-03-25T01:42:15Z</time></trkpt>
      <trkpt lat="-48.88930" lon="-123.39086"><ele>4.2</ele><time>2024-03-25T01:42:16Z</time></trkpt>
      <trkpt lat="-48.88932" lon="-123.39083"><ele>4.2</ele><time>2024-03-25T01:42:17Z</time></trkpt>
      <trkpt lat="-48.88934" lon="-123.39079"><ele>4.2</ele><time>2024-03-25T01:42:18Z</time></trkpt>
      <trkpt lat="-48.88935" lon="-123.39078"><ele>4.2</ele><time>2024-03-25T01:42:19Z</time></trkpt>
      <trkpt lat="-48.88937" lon="-123.39075"><ele>4.2</ele><time>2024-03-25T01:42:20Z</time></trkpt>
      <trkpt lat="-48.88937" lon="-123.39074"><ele>4.3</ele><time>2024-03-25T01:42:21Z</time></trkpt>
      <trkpt lat="-48.88938" lon="-123.39072"><ele>4.3</ele><time>2024-03-25T01:42:22Z</time></trkpt>
      <trkpt lat="-48.88939" lon="-123.39070"><ele>4.3</ele><time>2024-03-25T01:42:23Z</time></trkpt>
      <trkpt lat="-48.88941" lon="-123.39065"><ele>4.3</ele><time>2024-03-25T01:42:24Z</time></trkpt>
      <trkpt lat="-48.88942" lon="-123.39064"><ele>4.3</ele><time>2024-03-25T01:42:25Z</time></trkpt>
      <trkpt lat="-48.88945" lon="-123.39059"><ele>4.3</ele><time>2024-03-25T01:42:26Z</time></trkpt>
      <trkpt lat="-48.88946" lon="-123.39057"><ele>4.3</ele><time>2024-03-25T01:42:27Z</time></trkpt>
      <trkpt lat="-48.88947" lon="-123.39054"><ele>4.4</ele><time>2024-03-25T01:42:28Z</time></trkpt>
      <trkpt lat="-48.88949" lon="-123.39050"><ele>4.4</ele><time>2024-03-25T01:42:29Z</time></trkpt>
      <trkpt lat="-48.88951" lon="-123.39046"><ele>4.4</ele><time>2024-03-25T01:42:30Z</time></trkpt>
      <trkpt lat="-48.88953" lon="-123.39041"><ele>4.4</ele><time>2024-03-25T01:42:31Z</time></trkpt>
      <trkpt lat="-48.88954" lon="-123.39038"><ele>4.4</ele><time>2024-03-25T01:42:32Z</time></trkpt>
      <trkpt lat="-48.88955" lon="-123.39035"><ele>4.4</ele><time>2024-03-25T01:42:33Z</time></trkpt>
      <trkpt lat="-48.88957" lon="-123.39029"><ele>4.3</ele><time>2024-03-25T01:42:34Z</time></trkpt>
      <trkpt lat="-48.88957" lon="-123.39028"><ele>4.3</ele><time>2024-03-25T01:42:35Z</time></trkpt>
      <trkpt lat="-48.88959" lon="-123.39024"><ele>4.3</ele><time>2024-03-25T01:42:36Z</time></trkpt>
      <trkpt lat="-48.88961" lon="-123.39020"><ele>4.3</ele><time>2024-03-25T01:42:37Z</time></trkpt>
      <trkpt lat="-48.88962" lon="-123.39018"><ele>4.3</ele><time>2024-03-25T01:42:38Z</time></trkpt>
      <trkpt lat="-48.88964" lon="-123.39014"><ele>4.3</ele><time>2024-03-25T01:42:39Z</time></trkpt>
      <trkpt lat="-48.88965" lon="-123.39012"><ele>4.3</ele><time>2024-03-25T01:42:40Z</time></trkpt>
      <trkpt lat="-48.88967" lon="-123.39008"><ele>4.3</ele><time>2024-03-25T01:42:41Z</time></trkpt>
      <trkpt lat="-48.88968" lon="-123.39007"><ele>4.3</ele><time>2024-03-25T01:42:42Z</time></trkpt>
      <trkpt lat="-48.88970" lon="-123.39002"><ele>4.3</ele><time>2024-03-25T01:42:43Z</time></trkpt>
      <trkpt lat="-48.88971" lon="-123.38999"><ele>4.3</ele><time>2024-03-25T01:42:44Z</time></trkpt>
      <trkpt lat="-48.88974" lon="-123.38995"><ele>4.3</ele><time>2024-03-25T01:42:45Z</time></trkpt>
      <trkpt lat="-48.88975" lon="-123.38993"><ele>4.3</ele><time>2024-03-25T01:42:46Z</time></trkpt>
      <trkpt lat="-48.88977" lon="-123.38990"><ele>4.3</ele><time>2024-03-25T01:42:47Z</time></trkpt>
      <trkpt lat="-48.88977" lon="-123.38989"><ele>4.3</ele><time>2024-03-25T01:42:48Z</time></trkpt>
      <trkpt lat="-48.88980" lon="-123.38985"><ele>4.3</ele><time>2024-03-25T01:42:49Z</time></trkpt>
      <trkpt lat="-48.88981" lon="-123.38984"><ele>4.3</ele><time>2024-03-25T01:42:50Z</time></trkpt>
      <trkpt lat="-48.88984" lon="-123.38980"><ele>4.3</ele><time>2024-03-25T01:42:51Z</time></trkpt>
      <trkpt lat="-48.88985" lon="-123.38978"><ele>4.3</ele><time>2024-03-25T01:42:52Z</time></trkpt>
      <trkpt lat="-48.88987" lon="-123.38975"><ele>4.3</ele><time>2024-03-25T01:42:53Z</time></trkpt>
      <trkpt lat="-48.88988" lon="-123.38974"><ele>4.3</ele><time>2024-03-25T01:42:54Z</time></trkpt>
      <trkpt lat="-48.88990" lon="-123.38971"><ele>4.3</ele><time>2024-03-25T01:42:55Z</time></trkpt>
      <trkpt lat="-48.88991" lon="-123.38970"><ele>4.3</ele><time>2024-03-25T01:42:56Z</time></trkpt>
      <trkpt lat="-48.88994" lon="-123.38966"><ele>4.3</ele><time>2024-03-25T01:42:57Z</time></trkpt>
      <trkpt lat="-48.88995" lon="-123.38965"><ele>4.3</ele><time>2024-03-25T01:42:58Z</time></trkpt>
      <trkpt lat="-48.88997" lon="-123.38962"><ele>4.3</ele><time>2024-03-25T01:42:59Z</time></trkpt>
      <trkpt lat="-48.89000" lon="-123.38958"><ele>4.3</ele><time>2024-03-25T01:43:00Z</time></trkpt>
      <trkpt lat="-48.89001" lon="-123.38956"><ele>4.3</ele><time>2024-03-25T01:43:01Z</time></trkpt>
      <trkpt lat="-48.89004" lon="-123.38952"><ele>4.3</ele><time>2024-03-25T01:43:02Z</time></trkpt>
      <trkpt lat="-48.89005" lon="-123.38951"><ele>4.3</ele><time>2024-03-25T01:43:03Z</time></trkpt>
      <trkpt lat="-48.89006" lon="-123.38947"><ele>4.3</ele><time>2024-03-25T01:43:04Z</time></trkpt>
      <trkpt lat="-48.89007" lon="-123.38946"><ele>4.3</ele><time>2024-03-25T01:43:05Z</time></trkpt>
      <trkpt lat="-48.89010" lon="-123.38942"><ele>4.3</ele><time>2024-03-25T01:43:06Z</time></trkpt>
      <trkpt lat="-48.89010" lon="-123.38940"><ele>4.3</ele><time>2024-03-25T01:43:07Z</time></trkpt>
      <trkpt lat="-48.89013" lon="-123.38936"><ele>4.3</ele><time>2024-03-25T01:43:08Z</time></trkpt>
      <trkpt lat="-48.89013" lon="-123.38935"><ele>4.3</ele><time>2024-03-25T01:43:09Z</time></trkpt>
      <trkpt lat="-48.89015" lon="-123.38930"><ele>4.3</ele><time>2024-03-25T01:43:10Z</time></trkpt>
      <trkpt lat="-48.89017" lon="-123.38927"><ele>4.4</ele><time>2024-03-25T01:43:11Z</time></trkpt>
      <trkpt lat="-48.89019" lon="-123.38922"><ele>4.4</ele><time>2024-03-25T01:43:12Z</time></trkpt>
      <trkpt lat="-48.89020" lon="-123.38920"><ele>4.4</ele><time>2024-03-25T01:43:13Z</time></trkpt>
      <trkpt lat="-48.89021" lon="-123.38915"><ele>4.4</ele><time>2024-03-25T01:43:14Z</time></trkpt>
      <trkpt lat="-48.89021" lon="-123.38913"><ele>4.4</ele><time>2024-03-25T01:43:15Z</time></trkpt>
      <trkpt lat="-48.89022" lon="-123.38908"><ele>4.4</ele><time>2024-03-25T01:43:16Z</time></trkpt>
      <trkpt lat="-48.89021" lon="-123.38906"><ele>4.4</ele><time>2024-03-25T01:43:17Z</time></trkpt>
      <trkpt lat="-48.89021" lon="-123.38900"><ele>4.4</ele><time>2024-03-25T01:43:18Z</time></trkpt>
      <trkpt lat="-48.89020" lon="-123.38898"><ele>4.4</ele><time>2024-03-25T01:43:19Z</time></trkpt>
      <trkpt lat="-48.89018" lon="-123.38893"><ele>4.4</ele><time>2024-03-25T01:43:20Z</time></trkpt>
      <trkpt lat="-48.89017" lon="-123.38891"><ele>4.4</ele><time>2024-03-25T01:43:21Z</time></trkpt>
      <trkpt lat="-48.89014" lon="-123.38887"><ele>4.4</ele><time>2024-03-25T01:43:22Z</time></trkpt>
      <trkpt lat="-48.89013" lon="-123.38886"><ele>4.4</ele><time>2024-03-25T01:43:23Z</time></trkpt>
      <trkpt lat="-48.89010" lon="-123.38883"><ele>4.3</ele><time>2024-03-25T01:43:24Z</time></trkpt>
      <trkpt lat="-48.89009" lon="-123.38882"><ele>4.3</ele><time>2024-03-25T01:43:25Z</time></trkpt>
      <trkpt lat="-48.89006" lon="-123.38878"><ele>4.3</ele><time>2024-03-25T01:43:26Z</time></trkpt>
      <trkpt lat="-48.89005" lon="-123.38877"><ele>4.3</ele><time>2024-03-25T01:43:27Z</time></trkpt>
      <trkpt lat="-48.89002" lon="-123.38874"><ele>4.3</ele><time>2024-03-25T01:43:28Z</time></trkpt>
      <trkpt lat="-48.89001" lon="-123.38873"><ele>4.3</ele><time>2024-03-25T01:43:29Z</time></trkpt>
      <trkpt lat="-48.88998" lon="-123.38870"><ele>4.3</ele><time>2024-03-25T01:43:30Z</time></trkpt>
      <trkpt lat="-48.88997" lon="-123.38869"><ele>4.3</ele><time>2024-03-25T01:43:31Z</time></trkpt>
      <trkpt lat="-48.88995" lon="-123.38866"><ele>4.3</ele><time>2024-03-25T01:43:32Z</time></trkpt>
      <trkpt lat="-48.88992" lon="-123.38863"><ele>4.3</ele><time>2024-03-25T01:43:33Z</time></trkpt>
      <trkpt lat="-48.88991" lon="-123.38862"><ele>4.3</ele><time>2024-03-25T01:43:34Z</time></trkpt>
      <trkpt lat="-48.88988" lon="-123.38859"><ele>4.3</ele><time>2024-03-25T01:43:35Z</time></trkpt>
      <trkpt lat="-48.88986" lon="-123.38859"><ele>4.3</ele><time>2024-03-25T01:43:36Z</time></trkpt>
      <trkpt lat="-48.88983" lon="-123.38856"><ele>4.3</ele><time>2024-03-25T01:43:37Z</time></trkpt>
      <trkpt lat="-48.88981" lon="-123.38855"><ele>4.3</ele><time>2024-03-25T01:43:38Z</time></trkpt>
      <trkpt lat="-48.88978" lon="-123.38852"><ele>4.3</ele><time>2024-03-25T01:43:39Z</time></trkpt>
      <trkpt lat="-48.88977" lon="-123.38851"><ele>4.3</ele><time>2024-03-25T01:43:40Z</time></trkpt>
      <trkpt lat="-48.88974" lon="-123.38849"><ele>4.3</ele><time>2024-03-25T01:43:41Z</time></trkpt>
      <trkpt lat="-48.88971" lon="-123.38847"><ele>4.3</ele><time>2024-03-25T01:43:42Z</time></trkpt>
      <trkpt lat="-48.88970" lon="-123.38846"><ele>4.3</ele><time>2024-03-25T01:43:43Z</time></trkpt>
      <trkpt lat="-48.88967" lon="-123.38845"><ele>4.3</ele><time>2024-03-25T01:43:44Z</time></trkpt>
      <trkpt lat="-48.88966" lon="-123.38844"><ele>4.3</ele><time>2024-03-25T01:43:45Z</time></trkpt>
      <trkpt lat="-48.88962" lon="-123.38843"><ele>4.3</ele><time>2024-03-25T01:43:46Z</time></trkpt>
      <trkpt lat="-48.88961" lon="-123.38842"><ele>4.3</ele><time>2024-03-25T01:43:47Z</time></trkpt>
      <trkpt lat="-48.88958" lon="-123.38842"><ele>4.3</ele><time>2024-03-25T01:43:48Z</time></trkpt>
      <trkpt lat="-48.88955" lon="-123.38841"><ele>4.3</ele><time>2024-03-25T01:43:49Z</time></trkpt>
      <trkpt lat="-48.88954" lon="-123.38840"><ele>4.3</ele><time>2024-03-25T01:43:50Z</time></trkpt>
      <trkpt lat="-48.88951" lon="-123.38840"><ele>4.3</ele><time>2024-03-25T01:43:51Z</time></trkpt>
      <trkpt lat="-48.88949" lon="-123.38839"><ele>4.3</ele><time>2024-03-25T01:43:52Z</time></trkpt>
      <trkpt lat="-48.88946" lon="-123.38839"><ele>4.4</ele><time>2024-03-25T01:43:53Z</time></trkpt>
      <trkpt lat="-48.88945" lon="-123.38838"><ele>4.4</ele><time>2024-03-25T01:43:54Z</time></trkpt>
      <trkpt lat="-48.88942" lon="-123.38838"><ele>4.4</ele><time>2024-03-25T01:43:55Z</time></trkpt>
      <trkpt lat="-48.88938" lon="-123.38838"><ele>4.4</ele><time>2024-03-25T01:43:56Z</time></trkpt>
      <trkpt lat="-48.88936" lon="-123.38838"><ele>4.4</ele><time>2024-03-25T01:43:57Z</time></trkpt>
      <trkpt lat="-48.88933" lon="-123.38837"><ele>4.4</ele><time>2024-03-25T01:43:58Z</time></trkpt>
      <trkpt lat="-48.88932" lon="-123.38836"><ele>4.4</ele><time>2024-03-25T01:43:59Z</time></trkpt>
      <trkpt lat="-48.88928" lon="-123.38835"><ele>4.4</ele><time>2024-03-25T01:44:00Z</time></trkpt>
      <trkpt lat="-48.88927" lon="-123.38835"><ele>4.4</ele><time>2024-03-25T01:44:01Z</time></trkpt>
      <trkpt lat="-48.88924" lon="-123.38834"><ele>4.4</ele><time>2024-03-25T01:44:02Z</time></trkpt>
      <trkpt lat="-48.88923" lon="-123.38834"><ele>4.4</ele><time>2024-03-25T01:44:03Z</time></trkpt>
      <trkpt lat="-48.88919" lon="-123.38834"><ele>4.4</ele><time>2024-03-25T01:44:04Z</time></trkpt>
      <trkpt lat="-48.88918" lon="-123.38834"><ele>4.4</ele><time>2024-03-25T01:44:05Z</time></trkpt>
      <trkpt lat="-48.88915" lon="-123.38833"><ele>4.4</ele><time>2024-03-25T01:44:06Z</time></trkpt>
      <trkpt lat="-48.88914" lon="-123.38833"><ele>4.4</ele><time>2024-03-25T01:44:07Z</time></trkpt>
      <trkpt lat="-48.88910" lon="-123.38833"><ele>4.4</ele><time>2024-03-25T01:44:08Z</time></trkpt>
      <trkpt lat="-48.88907" lon="-123.38832"><ele>4.3</ele><time>2024-03-25T01:44:09Z</time></trkpt>
      <trkpt lat="-48.88905" lon="-123.38832"><ele>4.3</ele><time>2024-03-25T01:44:10Z</time></trkpt>
      <trkpt lat="-48.88903" lon="-123.38831"><ele>4.3</ele><time>2024-03-25T01:44:11Z</time></trkpt>
      <trkpt lat="-48.88901" lon="-123.38830"><ele>4.2</ele><time>2024-03-25T01:44:12Z</time></trkpt>
      <trkpt lat="-48.88898" lon="-123.38829"><ele>4.2</ele><time>2024-03-25T01:44:13Z</time></trkpt>
      <trkpt lat="-48.88896" lon="-123.38828"><ele>4.1</ele><time>2024-03-25T01:44:14Z</time></trkpt>
      <trkpt lat="-48.88893" lon="-123.38827"><ele>4.1</ele><time>2024-03-25T01:44:15Z</time></trkpt>
      <trkpt lat="-48.88891" lon="-123.38826"><ele>4.0</ele><time>2024-03-25T01:44:16Z</time></trkpt>
      <trkpt lat="-48.88887" lon="-123.38825"><ele>3.9</ele><time>2024-03-25T01:44:17Z</time></trkpt>
      <trkpt lat="-48.88886" lon="-123.38825"><ele>3.9</ele><time>2024-03-25T01:44:18Z</time></trkpt>
      <trkpt lat="-48.88882" lon="-123.38824"><ele>3.8</ele><time>2024-03-25T01:44:19Z</time></trkpt>
      <trkpt lat="-48.88881" lon="-123.38824"><ele>3.8</ele><time>2024-03-25T01:44:20Z</time></trkpt>
      <trkpt lat="-48.88877" lon="-123.38824"><ele>3.7</ele><time>2024-03-25T01:44:21Z</time></trkpt>
      <trkpt lat="-48.88876" lon="-123.38824"><ele>3.7</ele><time>2024-03-25T01:44:22Z</time></trkpt>
      <trkpt lat="-48.88873" lon="-123.38823"><ele>3.6</ele><time>2024-03-25T01:44:23Z</time></trkpt>
      <trkpt lat="-48.88870" lon="-123.38823"><ele>3.5</ele><time>2024-03-25T01:44:24Z</time></trkpt>
      <trkpt lat="-48.88866" lon="-123.38823"><ele>3.5</ele><time>2024-03-25T01:44:25Z</time></trkpt>
      <trkpt lat="-48.88863" lon="-123.38822"><ele>3.5</ele><time>2024-03-25T01:44:26Z</time></trkpt>
      <trkpt lat="-48.88862" lon="-123.38821"><ele>3.5</ele><time>2024-03-25T01:44:27Z</time></trkpt>
      <trkpt lat="-48.88859" lon="-123.38820"><ele>3.4</ele><time>2024-03-25T01:44:28Z</time></trkpt>
      <trkpt lat="-48.88858" lon="-123.38820"><ele>3.4</ele><time>2024-03-25T01:44:29Z</time></trkpt>
      <trkpt lat="-48.88855" lon="-123.38820"><ele>3.4</ele><time>2024-03-25T01:44:31Z</time></trkpt>
      <trkpt lat="-48.88852" lon="-123.38819"><ele>3.4</ele><time>2024-03-25T01:44:32Z</time></trkpt>
      <trkpt lat="-48.88849" lon="-123.38818"><ele>3.4</ele><time>2024-03-25T01:44:33Z</time></trkpt>
      <trkpt lat="-48.88845" lon="-123.38817"><ele>3.4</ele><time>2024-03-25T01:44:34Z</time></trkpt>
      <trkpt lat="-48.88844" lon="-123.38817"><ele>3.4</ele><time>2024-03-25T01:44:35Z</time></trkpt>
      <trkpt lat="-48.88840" lon="-123.38816"><ele>3.4</ele><time>2024-03-25T01:44:36Z</time></trkpt>
      <trkpt lat="-48.88839" lon="-123.38816"><ele>3.4</ele><time>2024-03-25T01:44:37Z</time></trkpt>
      <trkpt lat="-48.88836" lon="-123.38815"><ele>3.4</ele><time>2024-03-25T01:44:38Z</time></trkpt>
      <trkpt lat="-48.88833" lon="-123.38814"><ele>3.5</ele><time>2024-03-25T01:44:39Z</time></trkpt>
      <trkpt lat="-48.88831" lon="-123.38813"><ele>3.5</ele><time>2024-03-25T01:44:40Z</time></trkpt>
      <trkpt lat="-48.88828" lon="-123.38812"><ele>3.5</ele><time>2024-03-25T01:44:41Z</time></trkpt>
      <trkpt lat="-48.88826" lon="-123.38811"><ele>3.5</ele><time>2024-03-25T01:44:42Z</time></trkpt>
      <trkpt lat="-48.88823" lon="-123.38810"><ele>3.5</ele><time>2024-03-25T01:44:43Z</time></trkpt>
      <trkpt lat="-48.88822" lon="-123.38809"><ele>3.5</ele><time>2024-03-25T01:44:44Z</time></trkpt>
      <trkpt lat="-48.88820" lon="-123.38807"><ele>3.5</ele><time>2024-03-25T01:44:45Z</time></trkpt>
      <trkpt lat="-48.88817" lon="-123.38805"><ele>3.6</ele><time>2024-03-25T01:44:46Z</time></trkpt>
      <trkpt lat="-48.88816" lon="-123.38804"><ele>3.6</ele><time>2024-03-25T01:44:47Z</time></trkpt>
      <trkpt lat="-48.88813" lon="-123.38801"><ele>3.6</ele><time>2024-03-25T01:44:48Z</time></trkpt>
      <trkpt lat="-48.88812" lon="-123.38800"><ele>3.6</ele><time>2024-03-25T01:44:49Z</time></trkpt>
      <trkpt lat="-48.88808" lon="-123.38796"><ele>3.6</ele><time>2024-03-25T01:44:50Z</time></trkpt>
      <trkpt lat="-48.88807" lon="-123.38795"><ele>3.6</ele><time>2024-03-25T01:44:51Z</time></trkpt>
      <trkpt lat="-48.88804" lon="-123.38792"><ele>3.7</ele><time>2024-03-25T01:44:52Z</time></trkpt>
      <trkpt lat="-48.88803" lon="-123.38790"><ele>3.7</ele><time>2024-03-25T01:44:53Z</time></trkpt>
      <trkpt lat="-48.88800" lon="-123.38787"><ele>3.7</ele><time>2024-03-25T01:44:54Z</time></trkpt>
      <trkpt lat="-48.88799" lon="-123.38786"><ele>3.7</ele><time>2024-03-25T01:44:55Z</time></trkpt>
      <trkpt lat="-48.88796" lon="-123.38784"><ele>3.7</ele><time>2024-03-25T01:44:56Z</time></trkpt>
      <trkpt lat="-48.88796" lon="-123.38783"><ele>3.7</ele><time>2024-03-25T01:44:57Z</time></trkpt>
      <trkpt lat="-48.88793" lon="-123.38780"><ele>3.7</ele><time>2024-03-25T01:44:58Z</time></trkpt>
      <trkpt lat="-48.88792" lon="-123.38779"><ele>3.7</ele><time>2024-03-25T01:44:59Z</time></trkpt>
      <trkpt lat="-48.88788" lon="-123.38775"><ele>3.7</ele><time>2024-03-25T01:45:00Z</time></trkpt>
      <trkpt lat="-48.88787" lon="-123.38774"><ele>3.7</ele><time>2024-03-25T01:45:01Z</time></trkpt>
      <trkpt lat="-48.88785" lon="-123.38772"><ele>3.7</ele><time>2024-03-25T01:45:02Z</time></trkpt>
      <trkpt lat="-48.88782" lon="-123.38768"><ele>3.7</ele><time>2024-03-25T01:45:03Z</time></trkpt>
      <trkpt lat="-48.88781" lon="-123.38766"><ele>3.7</ele><time>2024-03-25T01:45:04Z</time></trkpt>
      <trkpt lat="-48.88778" lon="-123.38764"><ele>3.8</ele><time>2024-03-25T01:45:05Z</time></trkpt>
      <trkpt lat="-48.88777" lon="-123.38762"><ele>3.8</ele><time>2024-03-25T01:45:06Z</time></trkpt>
      <trkpt lat="-48.88775" lon="-123.38760"><ele>3.8</ele><time>2024-03-25T01:45:07Z</time></trkpt>
      <trkpt lat="-48.88772" lon="-123.38756"><ele>3.8</ele><time>2024-03-25T01:45:08Z</time></trkpt>
      <trkpt lat="-48.88772" lon="-123.38755"><ele>3.8</ele><time>2024-03-25T01:45:09Z</time></trkpt>
      <trkpt lat="-48.88768" lon="-123.38752"><ele>3.8</ele><time>2024-03-25T01:45:10Z</time></trkpt>
      <trkpt lat="-48.88767" lon="-123.38750"><ele>3.8</ele><time>2024-03-25T01:45:11Z</time></trkpt>
      <trkpt lat="-48.88765" lon="-123.38747"><ele>3.9</ele><time>2024-03-25T01:45:12Z</time></trkpt>
      <trkpt lat="-48.88764" lon="-123.38746"><ele>3.9</ele><time>2024-03-25T01:45:13Z</time></trkpt>
      <trkpt lat="-48.88761" lon="-123.38743"><ele>3.9</ele><time>2024-03-25T01:45:14Z</time></trkpt>
      <trkpt lat="-48.88760" lon="-123.38742"><ele>3.9</ele><time>2024-03-25T01:45:15Z</time></trkpt>
      <trkpt lat="-48.88757" lon="-123.38739"><ele>3.9</ele><time>2024-03-25T01:45:16Z</time></trkpt>
      <trkpt lat="-48.88756" lon="-123.38738"><ele>3.9</ele><time>2024-03-25T01:45:17Z</time></trkpt>
      <trkpt lat="-48.88753" lon="-123.38735"><ele>4.0</ele><time>2024-03-25T01:45:18Z</time></trkpt>
      <trkpt lat="-48.88752" lon="-123.38734"><ele>4.0</ele><time>2024-03-25T01:45:19Z</time></trkpt>
      <trkpt lat="-48.88749" lon="-123.38731"><ele>4.0</ele><time>2024-03-25T01:45:20Z</time></trkpt>
      <trkpt lat="-48.88748" lon="-123.38730"><ele>4.0</ele><time>2024-03-25T01:45:21Z</time></trkpt>
      <trkpt lat="-48.88746" lon="-123.38728"><ele>4.0</ele><time>2024-03-25T01:45:22Z</time></trkpt>
      <trkpt lat="-48.88743" lon="-123.38725"><ele>4.0</ele><time>2024-03-25T01:45:23Z</time></trkpt>
      <trkpt lat="-48.88741" lon="-123.38723"><ele>4.1</ele><time>2024-03-25T01:45:24Z</time></trkpt>
      <trkpt lat="-48.88738" lon="-123.38719"><ele>4.1</ele><time>2024-03-25T01:45:25Z</time></trkpt>
      <trkpt lat="-48.88737" lon="-123.38718"><ele>4.1</ele><time>2024-03-25T01:45:26Z</time></trkpt>
      <trkpt lat="-48.88734" lon="-123.38715"><ele>4.2</ele><time>2024-03-25T01:45:27Z</time></trkpt>
      <trkpt lat="-48.88733" lon="-123.38714"><ele>4.2</ele><time>2024-03-25T01:45:28Z</time></trkpt>
      <trkpt lat="-48.88730" lon="-123.38710"><ele>4.2</ele><time>2024-03-25T01:45:29Z</time></trkpt>
      <trkpt lat="-48.88729" lon="-123.38709"><ele>4.2</ele><time>2024-03-25T01:45:30Z</time></trkpt>
      <trkpt lat="-48.88727" lon="-123.38705"><ele>4.3</ele><time>2024-03-25T01:45:31Z</time></trkpt>
      <trkpt lat="-48.88726" lon="-123.38703"><ele>4.3</ele><time>2024-03-25T01:45:32Z</time></trkpt>
      <trkpt lat="-48.88723" lon="-123.38699"><ele>4.4</ele><time>2024-03-25T01:45:33Z</time></trkpt>
      <trkpt lat="-48.88722" lon="-123.38697"><ele>4.4</ele><time>2024-03-25T01:45:34Z</time></trkpt>
      <trkpt lat="-48.88720" lon="-123.38692"><ele>4.4</ele><time>2024-03-25T01:45:35Z</time></trkpt>
      <trkpt lat="-48.88719" lon="-123.38691"><ele>4.4</ele><time>2024-03-25T01:45:36Z</time></trkpt>
      <trkpt lat="-48.88717" lon="-123.38686"><ele>4.5</ele><time>2024-03-25T01:45:37Z</time></trkpt>
      <trkpt lat="-48.88716" lon="-123.38684"><ele>4.5</ele><time>2024-03-25T01:45:38Z</time></trkpt>
      <trkpt lat="-48.88713" lon="-123.38679"><ele>4.6</ele><time>2024-03-25T01:45:39Z</time></trkpt>
      <trkpt lat="-48.88712" lon="-123.38678"><ele>4.6</ele><time>2024-03-25T01:45:40Z</time></trkpt>
      <trkpt lat="-48.88710" lon="-123.38674"><ele>4.6</ele><time>2024-03-25T01:45:41Z</time></trkpt>
      <trkpt lat="-48.88709" lon="-123.38672"><ele>4.7</ele><time>2024-03-25T01:45:42Z</time></trkpt>
      <trkpt lat="-48.88707" lon="-123.38670"><ele>4.7</ele><time>2024-03-25T01:45:43Z</time></trkpt>
      <trkpt lat="-48.88706" lon="-123.38668"><ele>4.7</ele><time>2024-03-25T01:45:44Z</time></trkpt>
      <trkpt lat="-48.88705" lon="-123.38666"><ele>4.7</ele><time>2024-03-25T01:45:45Z</time></trkpt>
      <trkpt lat="-48.88704" lon="-123.38665"><ele>4.7</ele><time>2024-03-25T01:45:46Z</time></trkpt>
      <trkpt lat="-48.88703" lon="-123.38663"><ele>4.7</ele><time>2024-03-25T01:45:47Z</time></trkpt>
      <trkpt lat="-48.88701" lon="-123.38660"><ele>4.7</ele><time>2024-03-25T01:45:48Z</time></trkpt>
      <trkpt lat="-48.88700" lon="-123.38658"><ele>4.7</ele><time>2024-03-25T01:45:49Z</time></trkpt>
      <trkpt lat="-48.88699" lon="-123.38657"><ele>4.7</ele><time>2024-03-25T01:45:50Z</time></trkpt>
      <trkpt lat="-48.88698" lon="-123.38656"><ele>4.7</ele><time>2024-03-25T01:45:51Z</time></trkpt>
      <trkpt lat="-48.88697" lon="-123.38652"><ele>4.7</ele><time>2024-03-25T01:45:52Z</time></trkpt>
      <trkpt lat="-48.88694" lon="-123.38647"><ele>4.6</ele><time>2024-03-25T01:45:53Z</time></trkpt>
      <trkpt lat="-48.88694" lon="-123.38645"><ele>4.6</ele><time>2024-03-25T01:45:54Z</time></trkpt>
      <trkpt lat="-48.88693" lon="-123.38643"><ele>4.6</ele><time>2024-03-25T01:45:55Z</time></trkpt>
      <trkpt lat="-48.88692" lon="-123.38641"><ele>4.6</ele><time>2024-03-25T01:45:56Z</time></trkpt>
      <trkpt lat="-48.88691" lon="-123.38638"><ele>4.5</ele><time>2024-03-25T01:45:57Z</time></trkpt>
      <trkpt lat="-48.88690" lon="-123.38637"><ele>4.5</ele><time>2024-03-25T01:45:58Z</time></trkpt>
      <trkpt lat="-48.88690" lon="-123.38636"><ele>4.5</ele><time>2024-03-25T01:45:59Z</time></trkpt>
      <trkpt lat="-48.88689" lon="-123.38635"><ele>4.5</ele><time>2024-03-25T01:46:00Z</time></trkpt>
      <trkpt lat="-48.88689" lon="-123.38633"><ele>4.5</ele><time>2024-03-25T01:46:01Z</time></trkpt>
      <trkpt lat="-48.88688" lon="-123.38631"><ele>4.5</ele><time>2024-03-25T01:46:02Z</time></trkpt>
      <trkpt lat="-48.88687" lon="-123.38630"><ele>4.5</ele><time>2024-03-25T01:46:03Z</time></trkpt>
      <trkpt lat="-48.88687" lon="-123.38629"><ele>4.4</ele><time>2024-03-25T01:46:04Z</time></trkpt>
      <trkpt lat="-48.88686" lon="-123.38627"><ele>4.4</ele><time>2024-03-25T01:46:05Z</time></trkpt>
      <trkpt lat="-48.88686" lon="-123.38626"><ele>4.4</ele><time>2024-03-25T01:46:06Z</time></trkpt>
      <trkpt lat="-48.88685" lon="-123.38625"><ele>4.4</ele><time>2024-03-25T01:46:07Z</time></trkpt>
      <trkpt lat="-48.88684" lon="-123.38623"><ele>4.4</ele><time>2024-03-25T01:46:08Z</time></trkpt>
      <trkpt lat="-48.88683" lon="-123.38619"><ele>4.4</ele><time>2024-03-25T01:46:09Z</time></trkpt>
      <trkpt lat="-48.88682" lon="-123.38617"><ele>4.3</ele><time>2024-03-25T01:46:10Z</time></trkpt>
      <trkpt lat="-48.88680" lon="-123.38614"><ele>4.3</ele><time>2024-03-25T01:46:11Z</time></trkpt>
      <trkpt lat="-48.88679" lon="-123.38613"><ele>4.3</ele><time>2024-03-25T01:46:12Z</time></trkpt>
      <trkpt lat="-48.88678" lon="-123.38611"><ele>4.3</ele><time>2024-03-25T01:46:13Z</time></trkpt>
      <trkpt lat="-48.88677" lon="-123.38609"><ele>4.3</ele><time>2024-03-25T01:46:16Z</time></trkpt>
      <trkpt lat="-48.88676" lon="-123.38608"><ele>4.2</ele><time>2024-03-25T01:46:17Z</time></trkpt>
      <trkpt lat="-48.88676" lon="-123.38606"><ele>4.2</ele><time>2024-03-25T01:46:18Z</time></trkpt>
      <trkpt lat="-48.88674" lon="-123.38605"><ele>4.2</ele><time>2024-03-25T01:46:19Z</time></trkpt>
      <trkpt lat="-48.88673" lon="-123.38602"><ele>4.2</ele><time>2024-03-25T01:46:20Z</time></trkpt>
      <trkpt lat="-48.88672" lon="-123.38601"><ele>4.2</ele><time>2024-03-25T01:46:21Z</time></trkpt>
      <trkpt lat="-48.88672" lon="-123.38600"><ele>4.2</ele><time>2024-03-25T01:46:22Z</time></trkpt>
      <trkpt lat="-48.88669" lon="-123.38597"><ele>4.1</ele><time>2024-03-25T01:46:23Z</time></trkpt>
      <trkpt lat="-48.88668" lon="-123.38596"><ele>4.1</ele><time>2024-03-25T01:46:24Z</time></trkpt>
      <trkpt lat="-48.88667" lon="-123.38594"><ele>4.1</ele><time>2024-03-25T01:46:25Z</time></trkpt>
      <trkpt lat="-48.88666" lon="-123.38593"><ele>4.1</ele><time>2024-03-25T01:46:26Z</time></trkpt>
      <trkpt lat="-48.88666" lon="-123.38592"><ele>4.1</ele><time>2024-03-25T01:46:27Z</time></trkpt>
      <trkpt lat="-48.88665" lon="-123.38591"><ele>4.1</ele><time>2024-03-25T01:46:28Z</time></trkpt>
      <trkpt lat="-48.88664" lon="-123.38590"><ele>4.1</ele><time>2024-03-25T01:46:29Z</time></trkpt>
      <trkpt lat="-48.88662" lon="-123.38587"><ele>4.0</ele><time>2024-03-25T01:46:30Z</time></trkpt>
      <trkpt lat="-48.88662" lon="-123.38587"><ele>4.0</ele><time>2024-03-25T01:46:31Z</time></trkpt>
      <trkpt lat="-48.88661" lon="-123.38586"><ele>4.0</ele><time>2024-03-25T01:46:32Z</time></trkpt>
      <trkpt lat="-48.88660" lon="-123.38584"><ele>4.0</ele><time>2024-03-25T01:46:33Z</time></trkpt>
      <trkpt lat="-48.88659" lon="-123.38583"><ele>4.0</ele><time>2024-03-25T01:46:34Z</time></trkpt>
      <trkpt lat="-48.88658" lon="-123.38581"><ele>4.0</ele><time>2024-03-25T01:46:35Z</time></trkpt>
      <trkpt lat="-48.88657" lon="-123.38580"><ele>4.0</ele><time>2024-03-25T01:46:36Z</time></trkpt>
      <trkpt lat="-48.88655" lon="-123.38577"><ele>4.0</ele><time>2024-03-25T01:46:37Z</time></trkpt>
      <trkpt lat="-48.88655" lon="-123.38577"><ele>4.0</ele><time>2024-03-25T01:46:38Z</time></trkpt>
      <trkpt lat="-48.88654" lon="-123.38576"><ele>4.0</ele><time>2024-03-25T01:46:39Z</time></trkpt>
      <trkpt lat="-48.88654" lon="-123.38575"><ele>3.9</ele><time>2024-03-25T01:46:40Z</time></trkpt>
      <trkpt lat="-48.88653" lon="-123.38573"><ele>3.9</ele><time>2024-03-25T01:46:41Z</time></trkpt>
      <trkpt lat="-48.88652" lon="-123.38572"><ele>3.9</ele><time>2024-03-25T01:46:42Z</time></trkpt>
      <trkpt lat="-48.88651" lon="-123.38570"><ele>3.9</ele><time>2024-03-25T01:46:43Z</time></trkpt>
      <trkpt lat="-48.88650" lon="-123.38568"><ele>3.9</ele><time>2024-03-25T01:46:44Z</time></trkpt>
      <trkpt lat="-48.88649" lon="-123.38568"><ele>3.9</ele><time>2024-03-25T01:46:45Z</time></trkpt>
      <trkpt lat="-48.88648" lon="-123.38565"><ele>3.9</ele><time>2024-03-25T01:46:46Z</time></trkpt>
      <trkpt lat="-48.88647" lon="-123.38564"><ele>3.9</ele><time>2024-03-25T01:46:47Z</time></trkpt>
      <trkpt lat="-48.88647" lon="-123.38564"><ele>3.9</ele><time>2024-03-25T01:46:48Z</time></trkpt>
      <trkpt lat="-48.88645" lon="-123.38562"><ele>3.9</ele><time>2024-03-25T01:46:49Z</time></trkpt>
      <trkpt lat="-48.88644" lon="-123.38561"><ele>3.9</ele><time>2024-03-25T01:46:50Z</time></trkpt>
      <trkpt lat="-48.88644" lon="-123.38560"><ele>3.9</ele><time>2024-03-25T01:46:51Z</time></trkpt>
      <trkpt lat="-48.88643" lon="-123.38558"><ele>3.8</ele><time>2024-03-25T01:46:52Z</time></trkpt>
      <trkpt lat="-48.88641" lon="-123.38557"><ele>3.8</ele><time>2024-03-25T01:46:53Z</time></trkpt>
      <trkpt lat="-48.88640" lon="-123.38555"><ele>3.8</ele><time>2024-03-25T01:46:54Z</time></trkpt>
      <trkpt lat="-48.88639" lon="-123.38554"><ele>3.8</ele><time>2024-03-25T01:46:55Z</time></trkpt>
      <trkpt lat="-48.88638" lon="-123.38552"><ele>3.8</ele><time>2024-03-25T01:46:56Z</time></trkpt>
      <trkpt lat="-48.88637" lon="-123.38551"><ele>3.8</ele><time>2024-03-25T01:46:57Z</time></trkpt>
      <trkpt lat="-48.88636" lon="-123.38550"><ele>3.8</ele><time>2024-03-25T01:46:58Z</time></trkpt>
      <trkpt lat="-48.88634" lon="-123.38549"><ele>3.8</ele><time>2024-03-25T01:46:59Z</time></trkpt>
      <trkpt lat="-48.88633" lon="-123.38547"><ele>3.8</ele><time>2024-03-25T01:47:00Z</time></trkpt>
      <trkpt lat="-48.88632" lon="-123.38546"><ele>3.8</ele><time>2024-03-25T01:47:01Z</time></trkpt>
      <trkpt lat="-48.88631" lon="-123.38545"><ele>3.8</ele><time>2024-03-25T01:47:02Z</time></trkpt>
      <trkpt lat="-48.88630" lon="-123.38543"><ele>3.8</ele><time>2024-03-25T01:47:03Z</time></trkpt>
      <trkpt lat="-48.88628" lon="-123.38542"><ele>3.7</ele><time>2024-03-25T01:47:04Z</time></trkpt>
      <trkpt lat="-48.88627" lon="-123.38541"><ele>3.7</ele><time>2024-03-25T01:47:05Z</time></trkpt>
      <trkpt lat="-48.88626" lon="-123.38539"><ele>3.7</ele><time>2024-03-25T01:47:06Z</time></trkpt>
      <trkpt lat="-48.88625" lon="-123.38538"><ele>3.7</ele><time>2024-03-25T01:47:07Z</time></trkpt>
      <trkpt lat="-48.88624" lon="-123.38537"><ele>3.7</ele><time>2024-03-25T01:47:08Z</time></trkpt>
      <trkpt lat="-48.88623" lon="-123.38536"><ele>3.7</ele><time>2024-03-25T01:47:09Z</time></trkpt>
      <trkpt lat="-48.88622" lon="-123.38534"><ele>3.7</ele><time>2024-03-25T01:47:10Z</time></trkpt>
      <trkpt lat="-48.88620" lon="-123.38532"><ele>3.7</ele><time>2024-03-25T01:47:11Z</time></trkpt>
      <trkpt lat="-48.88620" lon="-123.38532"><ele>3.7</ele><time>2024-03-25T01:47:12Z</time></trkpt>
      <trkpt lat="-48.88619" lon="-123.38531"><ele>3.7</ele><time>2024-03-25T01:47:13Z</time></trkpt>
      <trkpt lat="-48.88617" lon="-123.38529"><ele>3.7</ele><time>2024-03-25T01:47:14Z</time></trkpt>
      <trkpt lat="-48.88617" lon="-123.38529"><ele>3.7</ele><time>2024-03-25T01:47:15Z</time></trkpt>
      <trkpt lat="-48.88616" lon="-123.38528"><ele>3.7</ele><time>2024-03-25T01:47:16Z</time></trkpt>
      <trkpt lat="-48.88614" lon="-123.38526"><ele>3.7</ele><time>2024-03-25T01:47:17Z</time></trkpt>
      <trkpt lat="-48.88613" lon="-123.38525"><ele>3.7</ele><time>2024-03-25T01:47:18Z</time></trkpt>
      <trkpt lat="-48.88612" lon="-123.38524"><ele>3.7</ele><time>2024-03-25T01:47:19Z</time></trkpt>
      <trkpt lat="-48.88611" lon="-123.38523"><ele>3.7</ele><time>2024-03-25T01:47:20Z</time></trkpt>
      <trkpt lat="-48.88610" lon="-123.38522"><ele>3.7</ele><time>2024-03-25T01:47:21Z</time></trkpt>
      <trkpt lat="-48.88609" lon="-123.38521"><ele>3.7</ele><time>2024-03-25T01:47:22Z</time></trkpt>
      <trkpt lat="-48.88608" lon="-123.38521"><ele>3.7</ele><time>2024-03-25T01:47:23Z</time></trkpt>
      <trkpt lat="-48.88607" lon="-123.38520"><ele>3.7</ele><time>2024-03-25T01:47:24Z</time></trkpt>
      <trkpt lat="-48.88606" lon="-123.38519"><ele>3.7</ele><time>2024-03-25T01:47:25Z</time></trkpt>
      <trkpt lat="-48.88605" lon="-123.38518"><ele>3.7</ele><time>2024-03-25T01:47:26Z</time></trkpt>
      <trkpt lat="-48.88605" lon="-123.38517"><ele>3.7</ele><time>2024-03-25T01:47:27Z</time></trkpt>
      <trkpt lat="-48.88603" lon="-123.38516"><ele>3.6</ele><time>2024-03-25T01:47:28Z</time></trkpt>
      <trkpt lat="-48.88603" lon="-123.38516"><ele>3.6</ele><time>2024-03-25T01:47:29Z</time></trkpt>
      <trkpt lat="-48.88602" lon="-123.38515"><ele>3.6</ele><time>2024-03-25T01:47:30Z</time></trkpt>
      <trkpt lat="-48.88601" lon="-123.38514"><ele>3.6</ele><time>2024-03-25T01:47:31Z</time></trkpt>
      <trkpt lat="-48.88600" lon="-123.38513"><ele>3.6</ele><time>2024-03-25T01:47:32Z</time></trkpt>
      <trkpt lat="-48.88599" lon="-123.38512"><ele>3.6</ele><time>2024-03-25T01:47:33Z</time></trkpt>
      <trkpt lat="-48.88598" lon="-123.38511"><ele>3.6</ele><time>2024-03-25T01:47:34Z</time></trkpt>
      <trkpt lat="-48.88596" lon="-123.38510"><ele>3.6</ele><time>2024-03-25T01:47:35Z</time></trkpt>
      <trkpt lat="-48.88596" lon="-123.38509"><ele>3.6</ele><time>2024-03-25T01:47:36Z</time></trkpt>
      <trkpt lat="-48.88595" lon="-123.38508"><ele>3.6</ele><time>2024-03-25T01:47:37Z</time></trkpt>
      <trkpt lat="-48.88593" lon="-123.38506"><ele>3.6</ele><time>2024-03-25T01:47:38Z</time></trkpt>
      <trkpt lat="-48.88592" lon="-123.38506"><ele>3.6</ele><time>2024-03-25T01:47:39Z</time></trkpt>
      <trkpt lat="-48.88591" lon="-123.38505"><ele>3.6</ele><time>2024-03-25T01:47:40Z</time></trkpt>
      <trkpt lat="-48.88590" lon="-123.38504"><ele>3.6</ele><time>2024-03-25T01:47:41Z</time></trkpt>
      <trkpt lat="-48.88589" lon="-123.38503"><ele>3.6</ele><time>2024-03-25T01:47:42Z</time></trkpt>
      <trkpt lat="-48.88587" lon="-123.38502"><ele>3.5</ele><time>2024-03-25T01:47:43Z</time></trkpt>
      <trkpt lat="-48.88586" lon="-123.38501"><ele>3.5</ele><time>2024-03-25T01:47:44Z</time></trkpt>
      <trkpt lat="-48.88585" lon="-123.38500"><ele>3.5</ele><time>2024-03-25T01:47:45Z</time></trkpt>
      <trkpt lat="-48.88584" lon="-123.38499"><ele>3.5</ele><time>2024-03-25T01:47:46Z</time></trkpt>
      <trkpt lat="-48.88582" lon="-123.38498"><ele>3.5</ele><time>2024-03-25T01:47:47Z</time></trkpt>
      <trkpt lat="-48.88581" lon="-123.38496"><ele>3.5</ele><time>2024-03-25T01:47:48Z</time></trkpt>
      <trkpt lat="-48.88580" lon="-123.38496"><ele>3.5</ele><time>2024-03-25T01:47:49Z</time></trkpt>
      <trkpt lat="-48.88579" lon="-123.38495"><ele>3.5</ele><time>2024-03-25T01:47:50Z</time></trkpt>
      <trkpt lat="-48.88578" lon="-123.38494"><ele>3.5</ele><time>2024-03-25T01:47:51Z</time></trkpt>
      <trkpt lat="-48.88577" lon="-123.38493"><ele>3.5</ele><time>2024-03-25T01:47:52Z</time></trkpt>
      <trkpt lat="-48.88576" lon="-123.38491"><ele>3.5</ele><time>2024-03-25T01:47:54Z</time></trkpt>
      <trkpt lat="-48.88575" lon="-123.38490"><ele>3.5</ele><time>2024-03-25T01:47:55Z</time></trkpt>
      <trkpt lat="-48.88574" lon="-123.38489"><ele>3.5</ele><time>2024-03-25T01:47:56Z</time></trkpt>
      <trkpt lat="-48.88573" lon="-123.38489"><ele>3.4</ele><time>2024-03-25T01:47:57Z</time></trkpt>
      <trkpt lat="-48.88572" lon="-123.38488"><ele>3.4</ele><time>2024-03-25T01:47:58Z</time></trkpt>
      <trkpt lat="-48.88571" lon="-123.38487"><ele>3.4</ele><time>2024-03-25T01:47:59Z</time></trkpt>
      <trkpt lat="-48.88571" lon="-123.38486"><ele>3.4</ele><time>2024-03-25T01:48:00Z</time></trkpt>
      <trkpt lat="-48.88569" lon="-123.38485"><ele>3.4</ele><time>2024-03-25T01:48:01Z</time></trkpt>
      <trkpt lat="-48.88568" lon="-123.38484"><ele>3.4</ele><time>2024-03-25T01:48:02Z</time></trkpt>
      <trkpt lat="-48.88567" lon="-123.38483"><ele>3.4</ele><time>2024-03-25T01:48:03Z</time></trkpt>
      <trkpt lat="-48.88565" lon="-123.38482"><ele>3.4</ele><time>2024-03-25T01:48:04Z</time></trkpt>
      <trkpt lat="-48.88564" lon="-123.38481"><ele>3.4</ele><time>2024-03-25T01:48:05Z</time></trkpt>
      <trkpt lat="-48.88563" lon="-123.38480"><ele>3.4</ele><time>2024-03-25T01:48:06Z</time></trkpt>
      <trkpt lat="-48.88561" lon="-123.38479"><ele>3.4</ele><time>2024-03-25T01:48:07Z</time></trkpt>
      <trkpt lat="-48.88559" lon="-123.38477"><ele>3.4</ele><time>2024-03-25T01:48:09Z</time></trkpt>
      <trkpt lat="-48.88556" lon="-123.38475"><ele>3.4</ele><time>2024-03-25T01:48:11Z</time></trkpt>
      <trkpt lat="-48.88555" lon="-123.38474"><ele>3.4</ele><time>2024-03-25T01:48:12Z</time></trkpt>
      <trkpt lat="-48.88553" lon="-123.38473"><ele>3.4</ele><time>2024-03-25T01:48:13Z</time></trkpt>
      <trkpt lat="-48.88552" lon="-123.38472"><ele>3.4</ele><time>2024-03-25T01:48:14Z</time></trkpt>
      <trkpt lat="-48.88551" lon="-123.38471"><ele>3.5</ele><time>2024-03-25T01:48:15Z</time></trkpt>
      <trkpt lat="-48.88548" lon="-123.38470"><ele>3.5</ele><time>2024-03-25T01:48:16Z</time></trkpt>
      <trkpt lat="-48.88547" lon="-123.38469"><ele>3.5</ele><time>2024-03-25T01:48:17Z</time></trkpt>
      <trkpt lat="-48.88546" lon="-123.38468"><ele>3.5</ele><time>2024-03-25T01:48:18Z</time></trkpt>
      <trkpt lat="-48.88545" lon="-123.38467"><ele>3.5</ele><time>2024-03-25T01:48:19Z</time></trkpt>
      <trkpt lat="-48.88544" lon="-123.38466"><ele>3.5</ele><time>2024-03-25T01:48:20Z</time></trkpt>
      <trkpt lat="-48.88543" lon="-123.38466"><ele>3.5</ele><time>2024-03-25T01:48:21Z</time></trkpt>
      <trkpt lat="-48.88542" lon="-123.38465"><ele>3.5</ele><time>2024-03-25T01:48:22Z</time></trkpt>
      <trkpt lat="-48.88540" lon="-123.38464"><ele>3.6</ele><time>2024-03-25T01:48:23Z</time></trkpt>
      <trkpt lat="-48.88539" lon="-123.38463"><ele>3.6</ele><time>2024-03-25T01:48:24Z</time></trkpt>
      <trkpt lat="-48.88538" lon="-123.38462"><ele>3.6</ele><time>2024-03-25T01:48:25Z</time></trkpt>
      <trkpt lat="-48.88537" lon="-123.38462"><ele>3.6</ele><time>2024-03-25T01:48:26Z</time></trkpt>
      <trkpt lat="-48.88536" lon="-123.38461"><ele>3.7</ele><time>2024-03-25T01:48:27Z</time></trkpt>
      <trkpt lat="-48.88535" lon="-123.38461"><ele>3.7</ele><time>2024-03-25T01:48:28Z</time></trkpt>
      <trkpt lat="-48.88534" lon="-123.38460"><ele>3.7</ele><time>2024-03-25T01:48:29Z</time></trkpt>
      <trkpt lat="-48.88533" lon="-123.38460"><ele>3.7</ele><time>2024-03-25T01:48:30Z</time></trkpt>
      <trkpt lat="-48.88532" lon="-123.38459"><ele>3.7</ele><time>2024-03-25T01:48:31Z</time></trkpt>
      <trkpt lat="-48.88531" lon="-123.38459"><ele>3.8</ele><time>2024-03-25T01:48:32Z</time></trkpt>
      <trkpt lat="-48.88530" lon="-123.38458"><ele>3.8</ele><time>2024-03-25T01:48:33Z</time></trkpt>
      <trkpt lat="-48.88529" lon="-123.38458"><ele>3.8</ele><time>2024-03-25T01:48:34Z</time></trkpt>
      <trkpt lat="-48.88528" lon="-123.38458"><ele>3.8</ele><time>2024-03-25T01:48:35Z</time></trkpt>
      <trkpt lat="-48.88527" lon="-123.38457"><ele>3.9</ele><time>2024-03-25T01:48:36Z</time></trkpt>
      <trkpt lat="-48.88526" lon="-123.38457"><ele>3.9</ele><time>2024-03-25T01:48:37Z</time></trkpt>
      <trkpt lat="-48.88525" lon="-123.38456"><ele>3.9</ele><time>2024-03-25T01:48:38Z</time></trkpt>
      <trkpt lat="-48.88523" lon="-123.38455"><ele>4.0</ele><time>2024-03-25T01:48:39Z</time></trkpt>
      <trkpt lat="-48.88522" lon="-123.38455"><ele>4.0</ele><time>2024-03-25T01:48:40Z</time></trkpt>
      <trkpt lat="-48.88522" lon="-123.38455"><ele>4.0</ele><time>2024-03-25T01:48:41Z</time></trkpt>
      <trkpt lat="-48.88520" lon="-123.38454"><ele>4.0</ele><time>2024-03-25T01:48:42Z</time></trkpt>
      <trkpt lat="-48.88519" lon="-123.38453"><ele>4.1</ele><time>2024-03-25T01:48:43Z</time></trkpt>
      <trkpt lat="-48.88517" lon="-123.38452"><ele>4.1</ele><time>2024-03-25T01:48:44Z</time></trkpt>
      <trkpt lat="-48.88516" lon="-123.38452"><ele>4.1</ele><time>2024-03-25T01:48:45Z</time></trkpt>
      <trkpt lat="-48.88515" lon="-123.38451"><ele>4.2</ele><time>2024-03-25T01:48:46Z</time></trkpt>
      <trkpt lat="-48.88513" lon="-123.38451"><ele>4.2</ele><time>2024-03-25T01:48:47Z</time></trkpt>
      <trkpt lat="-48.88512" lon="-123.38450"><ele>4.2</ele><time>2024-03-25T01:48:48Z</time></trkpt>
      <trkpt lat="-48.88511" lon="-123.38450"><ele>4.2</ele><time>2024-03-25T01:48:49Z</time></trkpt>
      <trkpt lat="-48.88510" lon="-123.38449"><ele>4.3</ele><time>2024-03-25T01:48:50Z</time></trkpt>
      <trkpt lat="-48.88508" lon="-123.38448"><ele>4.3</ele><time>2024-03-25T01:48:51Z</time></trkpt>
      <trkpt lat="-48.88507" lon="-123.38447"><ele>4.3</ele><time>2024-03-25T01:48:52Z</time></trkpt>
      <trkpt lat="-48.88506" lon="-123.38447"><ele>4.3</ele><time>2024-03-25T01:48:53Z</time></trkpt>
      <trkpt lat="-48.88504" lon="-123.38446"><ele>4.3</ele><time>2024-03-25T01:48:54Z</time></trkpt>
      <trkpt lat="-48.88502" lon="-123.38445"><ele>4.4</ele><time>2024-03-25T01:48:55Z</time></trkpt>
      <trkpt lat="-48.88501" lon="-123.38444"><ele>4.4</ele><time>2024-03-25T01:48:56Z</time></trkpt>
      <trkpt lat="-48.88501" lon="-123.38444"><ele>4.4</ele><time>2024-03-25T01:48:57Z</time></trkpt>
      <trkpt lat="-48.88499" lon="-123.38443"><ele>4.4</ele><time>2024-03-25T01:48:58Z</time></trkpt>
      <trkpt lat="-48.88498" lon="-123.38442"><ele>4.4</ele><time>2024-03-25T01:48:59Z</time></trkpt>
      <trkpt lat="-48.88497" lon="-123.38442"><ele>4.4</ele><time>2024-03-25T01:49:00Z</time></trkpt>
      <trkpt lat="-48.88495" lon="-123.38440"><ele>4.4</ele><time>2024-03-25T01:49:01Z</time></trkpt>
      <trkpt lat="-48.88493" lon="-123.38439"><ele>4.4</ele><time>2024-03-25T01:49:02Z</time></trkpt>
      <trkpt lat="-48.88491" lon="-123.38438"><ele>4.4</ele><time>2024-03-25T01:49:03Z</time></trkpt>
      <trkpt lat="-48.88490" lon="-123.38437"><ele>4.4</ele><time>2024-03-25T01:49:04Z</time></trkpt>
      <trkpt lat="-48.88489" lon="-123.38437"><ele>4.4</ele><time>2024-03-25T01:49:05Z</time></trkpt>
      <trkpt lat="-48.88488" lon="-123.38436"><ele>4.4</ele><time>2024-03-25T01:49:06Z</time></trkpt>
      <trkpt lat="-48.88487" lon="-123.38436"><ele>4.4</ele><time>2024-03-25T01:49:07Z</time></trkpt>
      <trkpt lat="-48.88486" lon="-123.38435"><ele>4.4</ele><time>2024-03-25T01:49:08Z</time></trkpt>
      <trkpt lat="-48.88485" lon="-123.38435"><ele>4.4</ele><time>2024-03-25T01:49:09Z</time></trkpt>
      <trkpt lat="-48.88484" lon="-123.38434"><ele>4.4</ele><time>2024-03-25T01:49:10Z</time></trkpt>
      <trkpt lat="-48.88482" lon="-123.38433"><ele>4.4</ele><time>2024-03-25T01:49:11Z</time></trkpt>
      <trkpt lat="-48.88481" lon="-123.38433"><ele>4.4</ele><time>2024-03-25T01:49:12Z</time></trkpt>
      <trkpt lat="-48.88480" lon="-123.38432"><ele>4.4</ele><time>2024-03-25T01:49:13Z</time></trkpt>
      <trkpt lat="-48.88479" lon="-123.38432"><ele>4.4</ele><time>2024-03-25T01:49:14Z</time></trkpt>
      <trkpt lat="-48.88477" lon="-123.38431"><ele>4.4</ele><time>2024-03-25T01:49:15Z</time></trkpt>
      <trkpt lat="-48.88475" lon="-123.38430"><ele>4.4</ele><time>2024-03-25T01:49:16Z</time></trkpt>
      <trkpt lat="-48.88475" lon="-123.38429"><ele>4.4</ele><time>2024-03-25T01:49:17Z</time></trkpt>
      <trkpt lat="-48.88474" lon="-123.38429"><ele>4.4</ele><time>2024-03-25T01:49:18Z</time></trkpt>
      <trkpt lat="-48.88472" lon="-123.38427"><ele>4.4</ele><time>2024-03-25T01:49:19Z</time></trkpt>
      <trkpt lat="-48.88471" lon="-123.38427"><ele>4.4</ele><time>2024-03-25T01:49:20Z</time></trkpt>
      <trkpt lat="-48.88470" lon="-123.38426"><ele>4.4</ele><time>2024-03-25T01:49:21Z</time></trkpt>
      <trkpt lat="-48.88468" lon="-123.38425"><ele>4.4</ele><time>2024-03-25T01:49:22Z</time></trkpt>
      <trkpt lat="-48.88468" lon="-123.38424"><ele>4.4</ele><time>2024-03-25T01:49:23Z</time></trkpt>
      <trkpt lat="-48.88467" lon="-123.38423"><ele>4.3</ele><time>2024-03-25T01:49:24Z</time></trkpt>
      <trkpt lat="-48.88466" lon="-123.38423"><ele>4.3</ele><time>2024-03-25T01:49:25Z</time></trkpt>
      <trkpt lat="-48.88465" lon="-123.38422"><ele>4.3</ele><time>2024-03-25T01:49:26Z</time></trkpt>
      <trkpt lat="-48.88464" lon="-123.38421"><ele>4.3</ele><time>2024-03-25T01:49:27Z</time></trkpt>
      <trkpt lat="-48.88463" lon="-123.38420"><ele>4.3</ele><time>2024-03-25T01:49:28Z</time></trkpt>
      <trkpt lat="-48.88462" lon="-123.38420"><ele>4.3</ele><time>2024-03-25T01:49:29Z</time></trkpt>
      <trkpt lat="-48.88461" lon="-123.38419"><ele>4.3</ele><time>2024-03-25T01:49:30Z</time></trkpt>
      <trkpt lat="-48.88460" lon="-123.38418"><ele>4.3</ele><time>2024-03-25T01:49:31Z</time></trkpt>
      <trkpt lat="-48.88459" lon="-123.38417"><ele>4.3</ele><time>2024-03-25T01:49:32Z</time></trkpt>
      <trkpt lat="-48.88458" lon="-123.38416"><ele>4.3</ele><time>2024-03-25T01:49:33Z</time></trkpt>
      <trkpt lat="-48.88456" lon="-123.38415"><ele>4.3</ele><time>2024-03-25T01:49:34Z</time></trkpt>
      <trkpt lat="-48.88455" lon="-123.38414"><ele>4.3</ele><time>2024-03-25T01:49:35Z</time></trkpt>
      <trkpt lat="-48.88454" lon="-123.38413"><ele>4.3</ele><time>2024-03-25T01:49:36Z</time></trkpt>
      <trkpt lat="-48.88453" lon="-123.38413"><ele>4.3</ele><time>2024-03-25T01:49:37Z</time></trkpt>
      <trkpt lat="-48.88452" lon="-123.38412"><ele>4.3</ele><time>2024-03-25T01:49:38Z</time></trkpt>
      <trkpt lat="-48.88452" lon="-123.38411"><ele>4.3</ele><time>2024-03-25T01:49:39Z</time></trkpt>
      <trkpt lat="-48.88451" lon="-123.38410"><ele>4.3</ele><time>2024-03-25T01:49:40Z</time></trkpt>
      <trkpt lat="-48.88450" lon="-123.38410"><ele>4.3</ele><time>2024-03-25T01:49:41Z</time></trkpt>
      <trkpt lat="-48.88449" lon="-123.38409"><ele>4.3</ele><time>2024-03-25T01:49:42Z</time></trkpt>
      <trkpt lat="-48.88448" lon="-123.38408"><ele>4.3</ele><time>2024-03-25T01:49:43Z</time></trkpt>
      <trkpt lat="-48.88447" lon="-123.38407"><ele>4.3</ele><time>2024-03-25T01:49:44Z</time></trkpt>
      <trkpt lat="-48.88446" lon="-123.38406"><ele>4.3</ele><time>2024-03-25T01:49:45Z</time></trkpt>
      <trkpt lat="-48.88445" lon="-123.38405"><ele>4.3</ele><time>2024-03-25T01:49:46Z</time></trkpt>
      <trkpt lat="-48.88444" lon="-123.38404"><ele>4.3</ele><time>2024-03-25T01:49:47Z</time></trkpt>
      <trkpt lat="-48.88444" lon="-123.38404"><ele>4.3</ele><time>2024-03-25T01:49:48Z</time></trkpt>
      <trkpt lat="-48.88443" lon="-123.38403"><ele>4.3</ele><time>2024-03-25T01:49:49Z</time></trkpt>
      <trkpt lat="-48.88442" lon="-123.38403"><ele>4.3</ele><time>2024-03-25T01:49:50Z</time></trkpt>
      <trkpt lat="-48.88441" lon="-123.38401"><ele>4.3</ele><time>2024-03-25T01:49:52Z</time></trkpt>
      <trkpt lat="-48.88440" lon="-123.38401"><ele>4.3</ele><time>2024-03-25T01:49:53Z</time></trkpt>
      <trkpt lat="-48.88439" lon="-123.38400"><ele>4.3</ele><time>2024-03-25T01:49:54Z</time></trkpt>
      <trkpt lat="-48.88439" lon="-123.38399"><ele>4.3</ele><time>2024-03-25T01:49:55Z</time></trkpt>
      <trkpt lat="-48.88438" lon="-123.38398"><ele>4.3</ele><time>2024-03-25T01:49:56Z</time></trkpt>
      <trkpt lat="-48.88437" lon="-123.38397"><ele>4.3</ele><time>2024-03-25T01:49:57Z</time></trkpt>
      <trkpt lat="-48.88436" lon="-123.38396"><ele>4.3</ele><time>2024-03-25T01:49:58Z</time></trkpt>
      <trkpt lat="-48.88434" lon="-123.38395"><ele>4.3</ele><time>2024-03-25T01:49:59Z</time></trkpt>
      <trkpt lat="-48.88433" lon="-123.38394"><ele>4.3</ele><time>2024-03-25T01:50:00Z</time></trkpt>
      <trkpt lat="-48.88432" lon="-123.38394"><ele>4.3</ele><time>2024-03-25T01:50:01Z</time></trkpt>
      <trkpt lat="-48.88431" lon="-123.38392"><ele>4.3</ele><time>2024-03-25T01:50:02Z</time></trkpt>
      <trkpt lat="-48.88430" lon="-123.38391"><ele>4.3</ele><time>2024-03-25T01:50:03Z</time></trkpt>
      <trkpt lat="-48.88429" lon="-123.38391"><ele>4.3</ele><time>2024-03-25T01:50:04Z</time></trkpt>
      <trkpt lat="-48.88426" lon="-123.38389"><ele>4.3</ele><time>2024-03-25T01:50:06Z</time></trkpt>
      <trkpt lat="-48.88426" lon="-123.38388"><ele>4.3</ele><time>2024-03-25T01:50:07Z</time></trkpt>
      <trkpt lat="-48.88424" lon="-123.38388"><ele>4.3</ele><time>2024-03-25T01:50:08Z</time></trkpt>
      <trkpt lat="-48.88423" lon="-123.38387"><ele>4.3</ele><time>2024-03-25T01:50:09Z</time></trkpt>
      <trkpt lat="-48.88422" lon="-123.38386"><ele>4.3</ele><time>2024-03-25T01:50:10Z</time></trkpt>
      <trkpt lat="-48.88422" lon="-123.38385"><ele>4.3</ele><time>2024-03-25T01:50:11Z</time></trkpt>
      <trkpt lat="-48.88420" lon="-123.38384"><ele>4.3</ele><time>2024-03-25T01:50:12Z</time></trkpt>
      <trkpt lat="-48.88419" lon="-123.38384"><ele>4.3</ele><time>2024-03-25T01:50:13Z</time></trkpt>
      <trkpt lat="-48.88418" lon="-123.38383"><ele>4.3</ele><time>2024-03-25T01:50:14Z</time></trkpt>
      <trkpt lat="-48.88417" lon="-123.38382"><ele>4.3</ele><time>2024-03-25T01:50:15Z</time></trkpt>
      <trkpt lat="-48.88416" lon="-123.38381"><ele>4.3</ele><time>2024-03-25T01:50:16Z</time></trkpt>
      <trkpt lat="-48.88414" lon="-123.38380"><ele>4.3</ele><time>2024-03-25T01:50:17Z</time></trkpt>
      <trkpt lat="-48.88414" lon="-123.38380"><ele>4.3</ele><time>2024-03-25T01:50:18Z</time></trkpt>
      <trkpt lat="-48.88413" lon="-123.38379"><ele>4.3</ele><time>2024-03-25T01:50:19Z</time></trkpt>
      <trkpt lat="-48.88412" lon="-123.38378"><ele>4.3</ele><time>2024-03-25T01:50:21Z</time></trkpt>
      <trkpt lat="-48.88410" lon="-123.38377"><ele>4.3</ele><time>2024-03-25T01:50:22Z</time></trkpt>
      <trkpt lat="-48.88409" lon="-123.38377"><ele>4.3</ele><time>2024-03-25T01:50:23Z</time></trkpt>
      <trkpt lat="-48.88408" lon="-123.38376"><ele>4.3</ele><time>2024-03-25T01:50:24Z</time></trkpt>
      <trkpt lat="-48.88407" lon="-123.38375"><ele>4.3</ele><time>2024-03-25T01:50:25Z</time></trkpt>
      <trkpt lat="-48.88406" lon="-123.38374"><ele>4.3</ele><time>2024-03-25T01:50:26Z</time></trkpt>
      <trkpt lat="-48.88405" lon="-123.38374"><ele>4.3</ele><time>2024-03-25T01:50:27Z</time></trkpt>
      <trkpt lat="-48.88403" lon="-123.38372"><ele>4.3</ele><time>2024-03-25T01:50:28Z</time></trkpt>
      <trkpt lat="-48.88402" lon="-123.38372"><ele>4.3</ele><time>2024-03-25T01:50:29Z</time></trkpt>
      <trkpt lat="-48.88401" lon="-123.38371"><ele>4.3</ele><time>2024-03-25T01:50:30Z</time></trkpt>
      <trkpt lat="-48.88400" lon="-123.38370"><ele>4.4</ele><time>2024-03-25T01:50:31Z</time></trkpt>
      <trkpt lat="-48.88399" lon="-123.38370"><ele>4.4</ele><time>2024-03-25T01:50:32Z</time></trkpt>
      <trkpt lat="-48.88398" lon="-123.38369"><ele>4.4</ele><time>2024-03-25T01:50:33Z</time></trkpt>
      <trkpt lat="-48.88397" lon="-123.38368"><ele>4.4</ele><time>2024-03-25T01:50:34Z</time></trkpt>
      <trkpt lat="-48.88396" lon="-123.38367"><ele>4.4</ele><time>2024-03-25T01:50:35Z</time></trkpt>
      <trkpt lat="-48.88395" lon="-123.38366"><ele>4.4</ele><time>2024-03-25T01:50:36Z</time></trkpt>
      <trkpt lat="-48.88394" lon="-123.38366"><ele>4.4</ele><time>2024-03-25T01:50:37Z</time></trkpt>
      <trkpt lat="-48.88393" lon="-123.38365"><ele>4.4</ele><time>2024-03-25T01:50:38Z</time></trkpt>
      <trkpt lat="-48.88392" lon="-123.38365"><ele>4.4</ele><time>2024-03-25T01:50:39Z</time></trkpt>
      <trkpt lat="-48.88391" lon="-123.38364"><ele>4.4</ele><time>2024-03-25T01:50:40Z</time></trkpt>
      <trkpt lat="-48.88390" lon="-123.38363"><ele>4.4</ele><time>2024-03-25T01:50:41Z</time></trkpt>
      <trkpt lat="-48.88390" lon="-123.38362"><ele>4.4</ele><time>2024-03-25T01:50:42Z</time></trkpt>
      <trkpt lat="-48.88388" lon="-123.38362"><ele>4.4</ele><time>2024-03-25T01:50:43Z</time></trkpt>
      <trkpt lat="-48.88388" lon="-123.38361"><ele>4.4</ele><time>2024-03-25T01:50:44Z</time></trkpt>
      <trkpt lat="-48.88387" lon="-123.38361"><ele>4.4</ele><time>2024-03-25T01:50:45Z</time></trkpt>
      <trkpt lat="-48.88386" lon="-123.38360"><ele>4.4</ele><time>2024-03-25T01:50:46Z</time></trkpt>
      <trkpt lat="-48.88385" lon="-123.38359"><ele>4.4</ele><time>2024-03-25T01:50:47Z</time></trkpt>
      <trkpt lat="-48.88384" lon="-123.38358"><ele>4.4</ele><time>2024-03-25T01:50:48Z</time></trkpt>
      <trkpt lat="-48.88383" lon="-123.38358"><ele>4.4</ele><time>2024-03-25T01:50:49Z</time></trkpt>
      <trkpt lat="-48.88382" lon="-123.38357"><ele>4.4</ele><time>2024-03-25T01:50:50Z</time></trkpt>
      <trkpt lat="-48.88381" lon="-123.38357"><ele>4.4</ele><time>2024-03-25T01:50:51Z</time></trkpt>
      <trkpt lat="-48.88380" lon="-123.38356"><ele>4.4</ele><time>2024-03-25T01:50:52Z</time></trkpt>
      <trkpt lat="-48.88379" lon="-123.38355"><ele>4.4</ele><time>2024-03-25T01:50:53Z</time></trkpt>
      <trkpt lat="-48.88378" lon="-123.38354"><ele>4.4</ele><time>2024-03-25T01:50:54Z</time></trkpt>
      <trkpt lat="-48.88377" lon="-123.38354"><ele>4.4</ele><time>2024-03-25T01:50:55Z</time></trkpt>
      <trkpt lat="-48.88376" lon="-123.38353"><ele>4.4</ele><time>2024-03-25T01:50:56Z</time></trkpt>
      <trkpt lat="-48.88375" lon="-123.38352"><ele>4.4</ele><time>2024-03-25T01:50:57Z</time></trkpt>
      <trkpt lat="-48.88374" lon="-123.38352"><ele>4.4</ele><time>2024-03-25T01:50:58Z</time></trkpt>
      <trkpt lat="-48.88373" lon="-123.38350"><ele>4.4</ele><time>2024-03-25T01:50:59Z</time></trkpt>
      <trkpt lat="-48.88372" lon="-123.38349"><ele>4.3</ele><time>2024-03-25T01:51:00Z</time></trkpt>
      <trkpt lat="-48.88370" lon="-123.38348"><ele>4.3</ele><time>2024-03-25T01:51:01Z</time></trkpt>
      <trkpt lat="-48.88368" lon="-123.38347"><ele>4.3</ele><time>2024-03-25T01:51:02Z</time></trkpt>
      <trkpt lat="-48.88367" lon="-123.38346"><ele>4.3</ele><time>2024-03-25T01:51:03Z</time></trkpt>
      <trkpt lat="-48.88367" lon="-123.38345"><ele>4.3</ele><time>2024-03-25T01:51:04Z</time></trkpt>
      <trkpt lat="-48.88366" lon="-123.38344"><ele>4.3</ele><time>2024-03-25T01:51:05Z</time></trkpt>
      <trkpt lat="-48.88365" lon="-123.38344"><ele>4.3</ele><time>2024-03-25T01:51:06Z</time></trkpt>
      <trkpt lat="-48.88363" lon="-123.38342"><ele>4.3</ele><time>2024-03-25T01:51:08Z</time></trkpt>
      <trkpt lat="-48.88362" lon="-123.38341"><ele>4.3</ele><time>2024-03-25T01:51:09Z</time></trkpt>
      <trkpt lat="-48.88361" lon="-123.38340"><ele>4.3</ele><time>2024-03-25T01:51:10Z</time></trkpt>
      <trkpt lat="-48.88360" lon="-123.38339"><ele>4.3</ele><time>2024-03-25T01:51:11Z</time></trkpt>
      <trkpt lat="-48.88359" lon="-123.38338"><ele>4.3</ele><time>2024-03-25T01:51:12Z</time></trkpt>
      <trkpt lat="-48.88358" lon="-123.38337"><ele>4.3</ele><time>2024-03-25T01:51:13Z</time></trkpt>
      <trkpt lat="-48.88356" lon="-123.38335"><ele>4.3</ele><time>2024-03-25T01:51:14Z</time></trkpt>
      <trkpt lat="-48.88356" lon="-123.38335"><ele>4.3</ele><time>2024-03-25T01:51:15Z</time></trkpt>
      <trkpt lat="-48.88355" lon="-123.38334"><ele>4.3</ele><time>2024-03-25T01:51:16Z</time></trkpt>
      <trkpt lat="-48.88353" lon="-123.38333"><ele>4.3</ele><time>2024-03-25T01:51:17Z</time></trkpt>
      <trkpt lat="-48.88352" lon="-123.38332"><ele>4.3</ele><time>2024-03-25T01:51:18Z</time></trkpt>
      <trkpt lat="-48.88352" lon="-123.38331"><ele>4.3</ele><time>2024-03-25T01:51:19Z</time></trkpt>
      <trkpt lat="-48.88350" lon="-123.38330"><ele>4.3</ele><time>2024-03-25T01:51:20Z</time></trkpt>
      <trkpt lat="-48.88349" lon="-123.38329"><ele>4.3</ele><time>2024-03-25T01:51:21Z</time></trkpt>
      <trkpt lat="-48.88348" lon="-123.38329"><ele>4.3</ele><time>2024-03-25T01:51:22Z</time></trkpt>
      <trkpt lat="-48.88347" lon="-123.38328"><ele>4.3</ele><time>2024-03-25T01:51:23Z</time></trkpt>
      <trkpt lat="-48.88346" lon="-123.38327"><ele>4.3</ele><time>2024-03-25T01:51:24Z</time></trkpt>
      <trkpt lat="-48.88345" lon="-123.38326"><ele>4.3</ele><time>2024-03-25T01:51:25Z</time></trkpt>
      <trkpt lat="-48.88343" lon="-123.38324"><ele>4.3</ele><time>2024-03-25T01:51:26Z</time></trkpt>
      <trkpt lat="-48.88342" lon="-123.38324"><ele>4.3</ele><time>2024-03-25T01:51:27Z</time></trkpt>
      <trkpt lat="-48.88342" lon="-123.38323"><ele>4.3</ele><time>2024-03-25T01:51:28Z</time></trkpt>
      <trkpt lat="-48.88340" lon="-123.38321"><ele>4.3</ele><time>2024-03-25T01:51:29Z</time></trkpt>
      <trkpt lat="-48.88339" lon="-123.38320"><ele>4.3</ele><time>2024-03-25T01:51:30Z</time></trkpt>
      <trkpt lat="-48.88337" lon="-123.38319"><ele>4.3</ele><time>2024-03-25T01:51:31Z</time></trkpt>
      <trkpt lat="-48.88336" lon="-123.38318"><ele>4.3</ele><time>2024-03-25T01:51:32Z</time></trkpt>
      <trkpt lat="-48.88335" lon="-123.38317"><ele>4.3</ele><time>2024-03-25T01:51:33Z</time></trkpt>
      <trkpt lat="-48.88334" lon="-123.38316"><ele>4.3</ele><time>2024-03-25T01:51:34Z</time></trkpt>
      <trkpt lat="-48.88332" lon="-123.38315"><ele>4.3</ele><time>2024-03-25T01:51:35Z</time></trkpt>
      <trkpt lat="-48.88331" lon="-123.38314"><ele>4.3</ele><time>2024-03-25T01:51:36Z</time></trkpt>
      <trkpt lat="-48.88329" lon="-123.38313"><ele>4.3</ele><time>2024-03-25T01:51:37Z</time></trkpt>
      <trkpt lat="-48.88328" lon="-123.38313"><ele>4.3</ele><time>2024-03-25T01:51:38Z</time></trkpt>
      <trkpt lat="-48.88327" lon="-123.38312"><ele>4.3</ele><time>2024-03-25T01:51:39Z</time></trkpt>
      <trkpt lat="-48.88326" lon="-123.38311"><ele>4.3</ele><time>2024-03-25T01:51:40Z</time></trkpt>
      <trkpt lat="-48.88325" lon="-123.38310"><ele>4.3</ele><time>2024-03-25T01:51:41Z</time></trkpt>
      <trkpt lat="-48.88324" lon="-123.38310"><ele>4.3</ele><time>2024-03-25T01:51:42Z</time></trkpt>
      <trkpt lat="-48.88323" lon="-123.38309"><ele>4.3</ele><time>2024-03-25T01:51:43Z</time></trkpt>
      <trkpt lat="-48.88322" lon="-123.38308"><ele>4.3</ele><time>2024-03-25T01:51:44Z</time></trkpt>
      <trkpt lat="-48.88321" lon="-123.38308"><ele>4.3</ele><time>2024-03-25T01:51:45Z</time></trkpt>
      <trkpt lat="-48.88320" lon="-123.38307"><ele>4.3</ele><time>2024-03-25T01:51:46Z</time></trkpt>
      <trkpt lat="-48.88319" lon="-123.38306"><ele>4.3</ele><time>2024-03-25T01:51:47Z</time></trkpt>
      <trkpt lat="-48.88318" lon="-123.38306"><ele>4.3</ele><time>2024-03-25T01:51:48Z</time></trkpt>
      <trkpt lat="-48.88317" lon="-123.38305"><ele>4.3</ele><time>2024-03-25T01:51:49Z</time></trkpt>
      <trkpt lat="-48.88316" lon="-123.38305"><ele>4.3</ele><time>2024-03-25T01:51:50Z</time></trkpt>
      <trkpt lat="-48.88315" lon="-123.38304"><ele>4.3</ele><time>2024-03-25T01:51:51Z</time></trkpt>
      <trkpt lat="-48.88313" lon="-123.38303"><ele>4.3</ele><time>2024-03-25T01:51:52Z</time></trkpt>
      <trkpt lat="-48.88312" lon="-123.38302"><ele>4.3</ele><time>2024-03-25T01:51:53Z</time></trkpt>
      <trkpt lat="-48.88311" lon="-123.38302"><ele>4.3</ele><time>2024-03-25T01:51:54Z</time></trkpt>
      <trkpt lat="-48.88310" lon="-123.38300"><ele>4.3</ele><time>2024-03-25T01:51:55Z</time></trkpt>
      <trkpt lat="-48.88309" lon="-123.38300"><ele>4.3</ele><time>2024-03-25T01:51:56Z</time></trkpt>
      <trkpt lat="-48.88308" lon="-123.38299"><ele>4.3</ele><time>2024-03-25T01:51:57Z</time></trkpt>
      <trkpt lat="-48.88307" lon="-123.38298"><ele>4.3</ele><time>2024-03-25T01:51:58Z</time></trkpt>
      <trkpt lat="-48.88305" lon="-123.38297"><ele>4.3</ele><time>2024-03-25T01:51:59Z</time></trkpt>
      <trkpt lat="-48.88304" lon="-123.38296"><ele>4.3</ele><time>2024-03-25T01:52:00Z</time></trkpt>
      <trkpt lat="-48.88303" lon="-123.38296"><ele>4.3</ele><time>2024-03-25T01:52:01Z</time></trkpt>
      <trkpt lat="-48.88302" lon="-123.38295"><ele>4.3</ele><time>2024-03-25T01:52:02Z</time></trkpt>
      <trkpt lat="-48.88300" lon="-123.38294"><ele>4.3</ele><time>2024-03-25T01:52:03Z</time></trkpt>
      <trkpt lat="-48.88299" lon="-123.38293"><ele>4.3</ele><time>2024-03-25T01:52:04Z</time></trkpt>
      <trkpt lat="-48.88298" lon="-123.38293"><ele>4.3</ele><time>2024-03-25T01:52:05Z</time></trkpt>
      <trkpt lat="-48.88298" lon="-123.38292"><ele>4.3</ele><time>2024-03-25T01:52:06Z</time></trkpt>
      <trkpt lat="-48.88296" lon="-123.38291"><ele>4.3</ele><time>2024-03-25T01:52:07Z</time></trkpt>
      <trkpt lat="-48.88295" lon="-123.38290"><ele>4.3</ele><time>2024-03-25T01:52:08Z</time></trkpt>
      <trkpt lat="-48.88294" lon="-123.38290"><ele>4.3</ele><time>2024-03-25T01:52:09Z</time></trkpt>
      <trkpt lat="-48.88293" lon="-123.38289"><ele>4.3</ele><time>2024-03-25T01:52:10Z</time></trkpt>
      <trkpt lat="-48.88292" lon="-123.38288"><ele>4.3</ele><time>2024-03-25T01:52:11Z</time></trkpt>
      <trkpt lat="-48.88290" lon="-123.38287"><ele>4.3</ele><time>2024-03-25T01:52:12Z</time></trkpt>
      <trkpt lat="-48.88290" lon="-123.38286"><ele>4.3</ele><time>2024-03-25T01:52:13Z</time></trkpt>
      <trkpt lat="-48.88289" lon="-123.38285"><ele>4.3</ele><time>2024-03-25T01:52:14Z</time></trkpt>
      <trkpt lat="-48.88288" lon="-123.38284"><ele>4.3</ele><time>2024-03-25T01:52:15Z</time></trkpt>
      <trkpt lat="-48.88287" lon="-123.38283"><ele>4.4</ele><time>2024-03-25T01:52:16Z</time></trkpt>
      <trkpt lat="-48.88285" lon="-123.38281"><ele>4.4</ele><time>2024-03-25T01:52:17Z</time></trkpt>
      <trkpt lat="-48.88284" lon="-123.38281"><ele>4.4</ele><time>2024-03-25T01:52:18Z</time></trkpt>
      <trkpt lat="-48.88284" lon="-123.38280"><ele>4.4</ele><time>2024-03-25T01:52:19Z</time></trkpt>
      <trkpt lat="-48.88282" lon="-123.38279"><ele>4.4</ele><time>2024-03-25T01:52:20Z</time></trkpt>
      <trkpt lat="-48.88282" lon="-123.38278"><ele>4.4</ele><time>2024-03-25T01:52:21Z</time></trkpt>
      <trkpt lat="-48.88281" lon="-123.38277"><ele>4.4</ele><time>2024-03-25T01:52:22Z</time></trkpt>
      <trkpt lat="-48.88279" lon="-123.38275"><ele>4.4</ele><time>2024-03-25T01:52:23Z</time></trkpt>
      <trkpt lat="-48.88278" lon="-123.38275"><ele>4.4</ele><time>2024-03-25T01:52:24Z</time></trkpt>
      <trkpt lat="-48.88277" lon="-123.38274"><ele>4.4</ele><time>2024-03-25T01:52:25Z</time></trkpt>
      <trkpt lat="-48.88276" lon="-123.38272"><ele>4.4</ele><time>2024-03-25T01:52:26Z</time></trkpt>
      <trkpt lat="-48.88275" lon="-123.38271"><ele>4.4</ele><time>2024-03-25T01:52:27Z</time></trkpt>
      <trkpt lat="-48.88274" lon="-123.38270"><ele>4.4</ele><time>2024-03-25T01:52:28Z</time></trkpt>
      <trkpt lat="-48.88273" lon="-123.38269"><ele>4.3</ele><time>2024-03-25T01:52:29Z</time></trkpt>
      <trkpt lat="-48.88272" lon="-123.38268"><ele>4.3</ele><time>2024-03-25T01:52:30Z</time></trkpt>
      <trkpt lat="-48.88270" lon="-123.38266"><ele>4.3</ele><time>2024-03-25T01:52:31Z</time></trkpt>
      <trkpt lat="-48.88269" lon="-123.38265"><ele>4.3</ele><time>2024-03-25T01:52:32Z</time></trkpt>
      <trkpt lat="-48.88268" lon="-123.38265"><ele>4.3</ele><time>2024-03-25T01:52:33Z</time></trkpt>
      <trkpt lat="-48.88267" lon="-123.38263"><ele>4.3</ele><time>2024-03-25T01:52:34Z</time></trkpt>
      <trkpt lat="-48.88266" lon="-123.38263"><ele>4.3</ele><time>2024-03-25T01:52:35Z</time></trkpt>
      <trkpt lat="-48.88265" lon="-123.38262"><ele>4.3</ele><time>2024-03-25T01:52:36Z</time></trkpt>
      <trkpt lat="-48.88264" lon="-123.38261"><ele>4.3</ele><time>2024-03-25T01:52:37Z</time></trkpt>
      <trkpt lat="-48.88263" lon="-123.38260"><ele>4.3</ele><time>2024-03-25T01:52:38Z</time></trkpt>
      <trkpt lat="-48.88262" lon="-123.38260"><ele>4.3</ele><time>2024-03-25T01:52:39Z</time></trkpt>
      <trkpt lat="-48.88260" lon="-123.38259"><ele>4.3</ele><time>2024-03-25T01:52:40Z</time></trkpt>
      <trkpt lat="-48.88259" lon="-123.38258"><ele>4.2</ele><time>2024-03-25T01:52:41Z</time></trkpt>
      <trkpt lat="-48.88258" lon="-123.38258"><ele>4.2</ele><time>2024-03-25T01:52:42Z</time></trkpt>
      <trkpt lat="-48.88257" lon="-123.38257"><ele>4.2</ele><time>2024-03-25T01:52:43Z</time></trkpt>
      <trkpt lat="-48.88255" lon="-123.38255"><ele>4.2</ele><time>2024-03-25T01:52:44Z</time></trkpt>
      <trkpt lat="-48.88253" lon="-123.38253"><ele>4.2</ele><time>2024-03-25T01:52:45Z</time></trkpt>
      <trkpt lat="-48.88252" lon="-123.38252"><ele>4.2</ele><time>2024-03-25T01:52:46Z</time></trkpt>
      <trkpt lat="-48.88249" lon="-123.38249"><ele>4.2</ele><time>2024-03-25T01:52:47Z</time></trkpt>
      <trkpt lat="-48.88248" lon="-123.38248"><ele>4.2</ele><time>2024-03-25T01:52:48Z</time></trkpt>
      <trkpt lat="-48.88242" lon="-123.38244"><ele>4.2</ele><time>2024-03-25T01:52:49Z</time></trkpt>
      <trkpt lat="-48.88240" lon="-123.38241"><ele>4.2</ele><time>2024-03-25T01:52:50Z</time></trkpt>
      <trkpt lat="-48.88237" lon="-123.38239"><ele>4.2</ele><time>2024-03-25T01:52:51Z</time></trkpt>
      <trkpt lat="-48.88233" lon="-123.38236"><ele>4.2</ele><time>2024-03-25T01:52:52Z</time></trkpt>
      <trkpt lat="-48.88231" lon="-123.38234"><ele>4.3</ele><time>2024-03-25T01:52:53Z</time></trkpt>
      <trkpt lat="-48.88228" lon="-123.38233"><ele>4.3</ele><time>2024-03-25T01:52:54Z</time></trkpt>
      <trkpt lat="-48.88226" lon="-123.38231"><ele>4.3</ele><time>2024-03-25T01:52:55Z</time></trkpt>
      <trkpt lat="-48.88222" lon="-123.38229"><ele>4.4</ele><time>2024-03-25T01:52:56Z</time></trkpt>
      <trkpt lat="-48.88221" lon="-123.38229"><ele>4.4</ele><time>2024-03-25T01:52:57Z</time></trkpt>
      <trkpt lat="-48.88217" lon="-123.38227"><ele>4.4</ele><time>2024-03-25T01:52:58Z</time></trkpt>
      <trkpt lat="-48.88216" lon="-123.38227"><ele>4.4</ele><time>2024-03-25T01:52:59Z</time></trkpt>
      <trkpt lat="-48.88213" lon="-123.38224"><ele>4.4</ele><time>2024-03-25T01:53:00Z</time></trkpt>
      <trkpt lat="-48.88211" lon="-123.38224"><ele>4.4</ele><time>2024-03-25T01:53:01Z</time></trkpt>
      <trkpt lat="-48.88209" lon="-123.38222"><ele>4.4</ele><time>2024-03-25T01:53:02Z</time></trkpt>
      <trkpt lat="-48.88206" lon="-123.38220"><ele>4.4</ele><time>2024-03-25T01:53:03Z</time></trkpt>
      <trkpt lat="-48.88203" lon="-123.38219"><ele>4.4</ele><time>2024-03-25T01:53:04Z</time></trkpt>
      <trkpt lat="-48.88202" lon="-123.38218"><ele>4.4</ele><time>2024-03-25T01:53:05Z</time></trkpt>
      <trkpt lat="-48.88199" lon="-123.38216"><ele>4.4</ele><time>2024-03-25T01:53:06Z</time></trkpt>
      <trkpt lat="-48.88197" lon="-123.38216"><ele>4.4</ele><time>2024-03-25T01:53:07Z</time></trkpt>
      <trkpt lat="-48.88194" lon="-123.38214"><ele>4.4</ele><time>2024-03-25T01:53:08Z</time></trkpt>
      <trkpt lat="-48.88193" lon="-123.38214"><ele>4.4</ele><time>2024-03-25T01:53:09Z</time></trkpt>
      <trkpt lat="-48.88190" lon="-123.38212"><ele>4.4</ele><time>2024-03-25T01:53:10Z</time></trkpt>
      <trkpt lat="-48.88189" lon="-123.38212"><ele>4.4</ele><time>2024-03-25T01:53:11Z</time></trkpt>
      <trkpt lat="-48.88186" lon="-123.38210"><ele>4.4</ele><time>2024-03-25T01:53:12Z</time></trkpt>
      <trkpt lat="-48.88184" lon="-123.38209"><ele>4.4</ele><time>2024-03-25T01:53:13Z</time></trkpt>
      <trkpt lat="-48.88181" lon="-123.38207"><ele>4.4</ele><time>2024-03-25T01:53:14Z</time></trkpt>
      <trkpt lat="-48.88180" lon="-123.38207"><ele>4.4</ele><time>2024-03-25T01:53:15Z</time></trkpt>
      <trkpt lat="-48.88177" lon="-123.38205"><ele>4.4</ele><time>2024-03-25T01:53:16Z</time></trkpt>
      <trkpt lat="-48.88174" lon="-123.38204"><ele>4.4</ele><time>2024-03-25T01:53:17Z</time></trkpt>
      <trkpt lat="-48.88172" lon="-123.38203"><ele>4.4</ele><time>2024-03-25T01:53:18Z</time></trkpt>
      <trkpt lat="-48.88169" lon="-123.38202"><ele>4.4</ele><time>2024-03-25T01:53:19Z</time></trkpt>
      <trkpt lat="-48.88168" lon="-123.38201"><ele>4.4</ele><time>2024-03-25T01:53:20Z</time></trkpt>
      <trkpt lat="-48.88164" lon="-123.38200"><ele>4.4</ele><time>2024-03-25T01:53:21Z</time></trkpt>
      <trkpt lat="-48.88162" lon="-123.38199"><ele>4.4</ele><time>2024-03-25T01:53:22Z</time></trkpt>
      <trkpt lat="-48.88159" lon="-123.38199"><ele>4.4</ele><time>2024-03-25T01:53:23Z</time></trkpt>
      <trkpt lat="-48.88156" lon="-123.38198"><ele>4.4</ele><time>2024-03-25T01:53:24Z</time></trkpt>
      <trkpt lat="-48.88155" lon="-123.38197"><ele>4.4</ele><time>2024-03-25T01:53:25Z</time></trkpt>
      <trkpt lat="-48.88151" lon="-123.38196"><ele>4.4</ele><time>2024-03-25T01:53:26Z</time></trkpt>
      <trkpt lat="-48.88150" lon="-123.38195"><ele>4.4</ele><time>2024-03-25T01:53:27Z</time></trkpt>
      <trkpt lat="-48.88147" lon="-123.38194"><ele>4.4</ele><time>2024-03-25T01:53:28Z</time></trkpt>
      <trkpt lat="-48.88146" lon="-123.38193"><ele>4.4</ele><time>2024-03-25T01:53:29Z</time></trkpt>
      <trkpt lat="-48.88143" lon="-123.38192"><ele>4.4</ele><time>2024-03-25T01:53:30Z</time></trkpt>
      <trkpt lat="-48.88142" lon="-123.38192"><ele>4.4</ele><time>2024-03-25T01:53:31Z</time></trkpt>
      <trkpt lat="-48.88139" lon="-123.38191"><ele>4.4</ele><time>2024-03-25T01:53:32Z</time></trkpt>
      <trkpt lat="-48.88137" lon="-123.38191"><ele>4.4</ele><time>2024-03-25T01:53:33Z</time></trkpt>
      <trkpt lat="-48.88134" lon="-123.38189"><ele>4.4</ele><time>2024-03-25T01:53:34Z</time></trkpt>
      <trkpt lat="-48.88133" lon="-123.38188"><ele>4.4</ele><time>2024-03-25T01:53:35Z</time></trkpt>
      <trkpt lat="-48.88130" lon="-123.38188"><ele>4.4</ele><time>2024-03-25T01:53:36Z</time></trkpt>
      <trkpt lat="-48.88126" lon="-123.38187"><ele>4.4</ele><time>2024-03-25T01:53:37Z</time></trkpt>
      <trkpt lat="-48.88125" lon="-123.38187"><ele>4.4</ele><time>2024-03-25T01:53:38Z</time></trkpt>
      <trkpt lat="-48.88122" lon="-123.38187"><ele>4.4</ele><time>2024-03-25T01:53:39Z</time></trkpt>
      <trkpt lat="-48.88121" lon="-123.38187"><ele>4.4</ele><time>2024-03-25T01:53:40Z</time></trkpt>
      <trkpt lat="-48.88118" lon="-123.38186"><ele>4.4</ele><time>2024-03-25T01:53:41Z</time></trkpt>
      <trkpt lat="-48.88117" lon="-123.38186"><ele>4.4</ele><time>2024-03-25T01:53:42Z</time></trkpt>
      <trkpt lat="-48.88113" lon="-123.38185"><ele>4.4</ele><time>2024-03-25T01:53:43Z</time></trkpt>
      <trkpt lat="-48.88112" lon="-123.38185"><ele>4.4</ele><time>2024-03-25T01:53:44Z</time></trkpt>
      <trkpt lat="-48.88109" lon="-123.38184"><ele>4.4</ele><time>2024-03-25T01:53:45Z</time></trkpt>
      <trkpt lat="-48.88105" lon="-123.38184"><ele>4.4</ele><time>2024-03-25T01:53:46Z</time></trkpt>
      <trkpt lat="-48.88104" lon="-123.38183"><ele>4.4</ele><time>2024-03-25T01:53:47Z</time></trkpt>
      <trkpt lat="-48.88100" lon="-123.38183"><ele>4.4</ele><time>2024-03-25T01:53:48Z</time></trkpt>
      <trkpt lat="-48.88099" lon="-123.38183"><ele>4.4</ele><time>2024-03-25T01:53:49Z</time></trkpt>
      <trkpt lat="-48.88095" lon="-123.38183"><ele>4.4</ele><time>2024-03-25T01:53:50Z</time></trkpt>
      <trkpt lat="-48.88094" lon="-123.38183"><ele>4.4</ele><time>2024-03-25T01:53:51Z</time></trkpt>
      <trkpt lat="-48.88090" lon="-123.38183"><ele>4.4</ele><time>2024-03-25T01:53:52Z</time></trkpt>
      <trkpt lat="-48.88089" lon="-123.38184"><ele>4.4</ele><time>2024-03-25T01:53:53Z</time></trkpt>
      <trkpt lat="-48.88085" lon="-123.38184"><ele>4.4</ele><time>2024-03-25T01:53:54Z</time></trkpt>
      <trkpt lat="-48.88084" lon="-123.38184"><ele>4.4</ele><time>2024-03-25T01:53:55Z</time></trkpt>
      <trkpt lat="-48.88081" lon="-123.38184"><ele>4.4</ele><time>2024-03-25T01:53:56Z</time></trkpt>
      <trkpt lat="-48.88079" lon="-123.38185"><ele>4.4</ele><time>2024-03-25T01:53:57Z</time></trkpt>
      <trkpt lat="-48.88075" lon="-123.38185"><ele>4.4</ele><time>2024-03-25T01:53:58Z</time></trkpt>
      <trkpt lat="-48.88074" lon="-123.38185"><ele>4.4</ele><time>2024-03-25T01:53:59Z</time></trkpt>
      <trkpt lat="-48.88070" lon="-123.38185"><ele>4.4</ele><time>2024-03-25T01:54:00Z</time></trkpt>
      <trkpt lat="-48.88069" lon="-123.38185"><ele>4.4</ele><time>2024-03-25T01:54:01Z</time></trkpt>
      <trkpt lat="-48.88066" lon="-123.38185"><ele>4.4</ele><time>2024-03-25T01:54:02Z</time></trkpt>
      <trkpt lat="-48.88064" lon="-123.38184"><ele>4.4</ele><time>2024-03-25T01:54:03Z</time></trkpt>
      <trkpt lat="-48.88061" lon="-123.38183"><ele>4.4</ele><time>2024-03-25T01:54:04Z</time></trkpt>
      <trkpt lat="-48.88059" lon="-123.38183"><ele>4.4</ele><time>2024-03-25T01:54:05Z</time></trkpt>
      <trkpt lat="-48.88056" lon="-123.38182"><ele>4.4</ele><time>2024-03-25T01:54:07Z</time></trkpt>
      <trkpt lat="-48.88053" lon="-123.38181"><ele>4.4</ele><time>2024-03-25T01:54:08Z</time></trkpt>
      <trkpt lat="-48.88050" lon="-123.38180"><ele>4.4</ele><time>2024-03-25T01:54:09Z</time></trkpt>
      <trkpt lat="-48.88047" lon="-123.38179"><ele>4.4</ele><time>2024-03-25T01:54:10Z</time></trkpt>
      <trkpt lat="-48.88045" lon="-123.38179"><ele>4.4</ele><time>2024-03-25T01:54:11Z</time></trkpt>
      <trkpt lat="-48.88042" lon="-123.38178"><ele>4.4</ele><time>2024-03-25T01:54:12Z</time></trkpt>
      <trkpt lat="-48.88038" lon="-123.38177"><ele>4.4</ele><time>2024-03-25T01:54:13Z</time></trkpt>
      <trkpt lat="-48.88037" lon="-123.38177"><ele>4.4</ele><time>2024-03-25T01:54:14Z</time></trkpt>
      <trkpt lat="-48.88034" lon="-123.38176"><ele>4.4</ele><time>2024-03-25T01:54:15Z</time></trkpt>
      <trkpt lat="-48.88033" lon="-123.38176"><ele>4.5</ele><time>2024-03-25T01:54:16Z</time></trkpt>
      <trkpt lat="-48.88030" lon="-123.38175"><ele>4.5</ele><time>2024-03-25T01:54:17Z</time></trkpt>
      <trkpt lat="-48.88029" lon="-123.38175"><ele>4.5</ele><time>2024-03-25T01:54:18Z</time></trkpt>
      <trkpt lat="-48.88025" lon="-123.38174"><ele>4.5</ele><time>2024-03-25T01:54:19Z</time></trkpt>
      <trkpt lat="-48.88024" lon="-123.38174"><ele>4.5</ele><time>2024-03-25T01:54:20Z</time></trkpt>
      <trkpt lat="-48.88020" lon="-123.38174"><ele>4.5</ele><time>2024-03-25T01:54:21Z</time></trkpt>
      <trkpt lat="-48.88019" lon="-123.38174"><ele>4.5</ele><time>2024-03-25T01:54:22Z</time></trkpt>
      <trkpt lat="-48.88016" lon="-123.38173"><ele>4.5</ele><time>2024-03-25T01:54:23Z</time></trkpt>
      <trkpt lat="-48.88014" lon="-123.38173"><ele>4.5</ele><time>2024-03-25T01:54:24Z</time></trkpt>
      <trkpt lat="-48.88011" lon="-123.38172"><ele>4.5</ele><time>2024-03-25T01:54:25Z</time></trkpt>
      <trkpt lat="-48.88009" lon="-123.38171"><ele>4.5</ele><time>2024-03-25T01:54:26Z</time></trkpt>
      <trkpt lat="-48.88008" lon="-123.38171"><ele>4.5</ele><time>2024-03-25T01:54:27Z</time></trkpt>
      <trkpt lat="-48.88006" lon="-123.38170"><ele>4.5</ele><time>2024-03-25T01:54:28Z</time></trkpt>
      <trkpt lat="-48.88003" lon="-123.38169"><ele>4.5</ele><time>2024-03-25T01:54:29Z</time></trkpt>
      <trkpt lat="-48.88002" lon="-123.38168"><ele>4.5</ele><time>2024-03-25T01:54:30Z</time></trkpt>
      <trkpt lat="-48.87999" lon="-123.38167"><ele>4.5</ele><time>2024-03-25T01:54:31Z</time></trkpt>
      <trkpt lat="-48.87998" lon="-123.38166"><ele>4.5</ele><time>2024-03-25T01:54:32Z</time></trkpt>
      <trkpt lat="-48.87994" lon="-123.38165"><ele>4.5</ele><time>2024-03-25T01:54:33Z</time></trkpt>
      <trkpt lat="-48.87992" lon="-123.38165"><ele>4.5</ele><time>2024-03-25T01:54:34Z</time></trkpt>
      <trkpt lat="-48.87989" lon="-123.38164"><ele>4.5</ele><time>2024-03-25T01:54:35Z</time></trkpt>
      <trkpt lat="-48.87988" lon="-123.38164"><ele>4.5</ele><time>2024-03-25T01:54:36Z</time></trkpt>
      <trkpt lat="-48.87985" lon="-123.38163"><ele>4.5</ele><time>2024-03-25T01:54:37Z</time></trkpt>
      <trkpt lat="-48.87983" lon="-123.38163"><ele>4.5</ele><time>2024-03-25T01:54:38Z</time></trkpt>
      <trkpt lat="-48.87980" lon="-123.38163"><ele>4.5</ele><time>2024-03-25T01:54:39Z</time></trkpt>
      <trkpt lat="-48.87979" lon="-123.38163"><ele>4.5</ele><time>2024-03-25T01:54:40Z</time></trkpt>
      <trkpt lat="-48.87976" lon="-123.38163"><ele>4.4</ele><time>2024-03-25T01:54:41Z</time></trkpt>
      <trkpt lat="-48.87975" lon="-123.38163"><ele>4.4</ele><time>2024-03-25T01:54:42Z</time></trkpt>
      <trkpt lat="-48.87971" lon="-123.38163"><ele>4.4</ele><time>2024-03-25T01:54:43Z</time></trkpt>
      <trkpt lat="-48.87970" lon="-123.38163"><ele>4.4</ele><time>2024-03-25T01:54:44Z</time></trkpt>
      <trkpt lat="-48.87968" lon="-123.38162"><ele>4.4</ele><time>2024-03-25T01:54:45Z</time></trkpt>
      <trkpt lat="-48.87966" lon="-123.38162"><ele>4.4</ele><time>2024-03-25T01:54:46Z</time></trkpt>
      <trkpt lat="-48.87965" lon="-123.38162"><ele>4.4</ele><time>2024-03-25T01:54:47Z</time></trkpt>
      <trkpt lat="-48.87963" lon="-123.38162"><ele>4.4</ele><time>2024-03-25T01:54:48Z</time></trkpt>
      <trkpt lat="-48.87960" lon="-123.38161"><ele>4.4</ele><time>2024-03-25T01:54:49Z</time></trkpt>
      <trkpt lat="-48.87959" lon="-123.38161"><ele>4.4</ele><time>2024-03-25T01:54:50Z</time></trkpt>
      <trkpt lat="-48.87956" lon="-123.38160"><ele>4.4</ele><time>2024-03-25T01:54:51Z</time></trkpt>
      <trkpt lat="-48.87955" lon="-123.38159"><ele>4.4</ele><time>2024-03-25T01:54:52Z</time></trkpt>
      <trkpt lat="-48.87951" lon="-123.38157"><ele>4.4</ele><time>2024-03-25T01:54:53Z</time></trkpt>
      <trkpt lat="-48.87950" lon="-123.38157"><ele>4.4</ele><time>2024-03-25T01:54:54Z</time></trkpt>
      <trkpt lat="-48.87948" lon="-123.38156"><ele>4.4</ele><time>2024-03-25T01:54:55Z</time></trkpt>
      <trkpt lat="-48.87943" lon="-123.38153"><ele>4.4</ele><time>2024-03-25T01:54:57Z</time></trkpt>
      <trkpt lat="-48.87941" lon="-123.38152"><ele>4.5</ele><time>2024-03-25T01:54:58Z</time></trkpt>
      <trkpt lat="-48.87938" lon="-123.38150"><ele>4.5</ele><time>2024-03-25T01:54:59Z</time></trkpt>
      <trkpt lat="-48.87936" lon="-123.38148"><ele>4.5</ele><time>2024-03-25T01:55:00Z</time></trkpt>
      <trkpt lat="-48.87933" lon="-123.38146"><ele>4.5</ele><time>2024-03-25T01:55:01Z</time></trkpt>
      <trkpt lat="-48.87932" lon="-123.38145"><ele>4.5</ele><time>2024-03-25T01:55:02Z</time></trkpt>
      <trkpt lat="-48.87930" lon="-123.38143"><ele>4.5</ele><time>2024-03-25T01:55:03Z</time></trkpt>
      <trkpt lat="-48.87929" lon="-123.38142"><ele>4.5</ele><time>2024-03-25T01:55:04Z</time></trkpt>
      <trkpt lat="-48.87926" lon="-123.38140"><ele>4.5</ele><time>2024-03-25T01:55:05Z</time></trkpt>
      <trkpt lat="-48.87925" lon="-123.38139"><ele>4.5</ele><time>2024-03-25T01:55:06Z</time></trkpt>
      <trkpt lat="-48.87922" lon="-123.38136"><ele>4.5</ele><time>2024-03-25T01:55:07Z</time></trkpt>
      <trkpt lat="-48.87921" lon="-123.38135"><ele>4.5</ele><time>2024-03-25T01:55:08Z</time></trkpt>
      <trkpt lat="-48.87917" lon="-123.38133"><ele>4.6</ele><time>2024-03-25T01:55:10Z</time></trkpt>
      <trkpt lat="-48.87915" lon="-123.38131"><ele>4.6</ele><time>2024-03-25T01:55:11Z</time></trkpt>
      <trkpt lat="-48.87914" lon="-123.38130"><ele>4.6</ele><time>2024-03-25T01:55:12Z</time></trkpt>
      <trkpt lat="-48.87911" lon="-123.38128"><ele>4.6</ele><time>2024-03-25T01:55:13Z</time></trkpt>
      <trkpt lat="-48.87909" lon="-123.38127"><ele>4.6</ele><time>2024-03-25T01:55:14Z</time></trkpt>
      <trkpt lat="-48.87906" lon="-123.38125"><ele>4.6</ele><time>2024-03-25T01:55:15Z</time></trkpt>
      <trkpt lat="-48.87904" lon="-123.38124"><ele>4.6</ele><time>2024-03-25T01:55:16Z</time></trkpt>
      <trkpt lat="-48.87898" lon="-123.38120"><ele>4.6</ele><time>2024-03-25T01:55:18Z</time></trkpt>
      <trkpt lat="-48.87895" lon="-123.38118"><ele>4.6</ele><time>2024-03-25T01:55:19Z</time></trkpt>
      <trkpt lat="-48.87893" lon="-123.38116"><ele>4.6</ele><time>2024-03-25T01:55:20Z</time></trkpt>
      <trkpt lat="-48.87891" lon="-123.38114"><ele>4.6</ele><time>2024-03-25T01:55:21Z</time></trkpt>
      <trkpt lat="-48.87887" lon="-123.38110"><ele>4.6</ele><time>2024-03-25T01:55:23Z</time></trkpt>
      <trkpt lat="-48.87885" lon="-123.38109"><ele>4.6</ele><time>2024-03-25T01:55:24Z</time></trkpt>
      <trkpt lat="-48.87882" lon="-123.38105"><ele>4.6</ele><time>2024-03-25T01:55:25Z</time></trkpt>
      <trkpt lat="-48.87882" lon="-123.38104"><ele>4.6</ele><time>2024-03-25T01:55:26Z</time></trkpt>
      <trkpt lat="-48.87879" lon="-123.38101"><ele>4.5</ele><time>2024-03-25T01:55:27Z</time></trkpt>
      <trkpt lat="-48.87877" lon="-123.38097"><ele>4.5</ele><time>2024-03-25T01:55:28Z</time></trkpt>
      <trkpt lat="-48.87876" lon="-123.38096"><ele>4.5</ele><time>2024-03-25T01:55:29Z</time></trkpt>
      <trkpt lat="-48.87873" lon="-123.38092"><ele>4.5</ele><time>2024-03-25T01:55:30Z</time></trkpt>
      <trkpt lat="-48.87872" lon="-123.38091"><ele>4.4</ele><time>2024-03-25T01:55:31Z</time></trkpt>
      <trkpt lat="-48.87870" lon="-123.38088"><ele>4.4</ele><time>2024-03-25T01:55:32Z</time></trkpt>
      <trkpt lat="-48.87867" lon="-123.38084"><ele>4.4</ele><time>2024-03-25T01:55:33Z</time></trkpt>
      <trkpt lat="-48.87866" lon="-123.38083"><ele>4.4</ele><time>2024-03-25T01:55:34Z</time></trkpt>
      <trkpt lat="-48.87864" lon="-123.38080"><ele>4.4</ele><time>2024-03-25T01:55:35Z</time></trkpt>
      <trkpt lat="-48.87861" lon="-123.38077"><ele>4.4</ele><time>2024-03-25T01:55:36Z</time></trkpt>
      <trkpt lat="-48.87859" lon="-123.38076"><ele>4.4</ele><time>2024-03-25T01:55:37Z</time></trkpt>
      <trkpt lat="-48.87856" lon="-123.38073"><ele>4.4</ele><time>2024-03-25T01:55:38Z</time></trkpt>
      <trkpt lat="-48.87854" lon="-123.38072"><ele>4.4</ele><time>2024-03-25T01:55:39Z</time></trkpt>
      <trkpt lat="-48.87852" lon="-123.38070"><ele>4.4</ele><time>2024-03-25T01:55:40Z</time></trkpt>
      <trkpt lat="-48.87849" lon="-123.38068"><ele>4.5</ele><time>2024-03-25T01:55:41Z</time></trkpt>
      <trkpt lat="-48.87845" lon="-123.38066"><ele>4.5</ele><time>2024-03-25T01:55:42Z</time></trkpt>
      <trkpt lat="-48.87844" lon="-123.38065"><ele>4.5</ele><time>2024-03-25T01:55:43Z</time></trkpt>
      <trkpt lat="-48.87841" lon="-123.38063"><ele>4.5</ele><time>2024-03-25T01:55:44Z</time></trkpt>
      <trkpt lat="-48.87839" lon="-123.38062"><ele>4.5</ele><time>2024-03-25T01:55:45Z</time></trkpt>
      <trkpt lat="-48.87838" lon="-123.38062"><ele>4.5</ele><time>2024-03-25T01:55:46Z</time></trkpt>
      <trkpt lat="-48.87836" lon="-123.38061"><ele>4.6</ele><time>2024-03-25T01:55:47Z</time></trkpt>
      <trkpt lat="-48.87835" lon="-123.38060"><ele>4.6</ele><time>2024-03-25T01:55:48Z</time></trkpt>
      <trkpt lat="-48.87835" lon="-123.38060"><ele>4.6</ele><time>2024-03-25T01:55:49Z</time></trkpt>
      <trkpt lat="-48.87833" lon="-123.38059"><ele>4.6</ele><time>2024-03-25T01:55:51Z</time></trkpt>
      <trkpt lat="-48.87832" lon="-123.38058"><ele>4.6</ele><time>2024-03-25T01:55:52Z</time></trkpt>
      <trkpt lat="-48.87829" lon="-123.38057"><ele>4.6</ele><time>2024-03-25T01:55:54Z</time></trkpt>
      <trkpt lat="-48.87828" lon="-123.38056"><ele>4.6</ele><time>2024-03-25T01:55:55Z</time></trkpt>
      <trkpt lat="-48.87828" lon="-123.38055"><ele>4.6</ele><time>2024-03-25T01:55:56Z</time></trkpt>
      <trkpt lat="-48.87826" lon="-123.38054"><ele>4.7</ele><time>2024-03-25T01:55:57Z</time></trkpt>
      <trkpt lat="-48.87825" lon="-123.38054"><ele>4.7</ele><time>2024-03-25T01:55:59Z</time></trkpt>
      <trkpt lat="-48.87823" lon="-123.38052"><ele>4.7</ele><time>2024-03-25T01:56:00Z</time></trkpt>
      <trkpt lat="-48.87822" lon="-123.38052"><ele>4.7</ele><time>2024-03-25T01:56:01Z</time></trkpt>
      <trkpt lat="-48.87820" lon="-123.38051"><ele>4.7</ele><time>2024-03-25T01:56:02Z</time></trkpt>
      <trkpt lat="-48.87819" lon="-123.38050"><ele>4.7</ele><time>2024-03-25T01:56:04Z</time></trkpt>
      <trkpt lat="-48.87818" lon="-123.38049"><ele>4.7</ele><time>2024-03-25T01:56:05Z</time></trkpt>
      <trkpt lat="-48.87816" lon="-123.38048"><ele>4.7</ele><time>2024-03-25T01:56:07Z</time></trkpt>
      <trkpt lat="-48.87814" lon="-123.38047"><ele>4.7</ele><time>2024-03-25T01:56:09Z</time></trkpt>
      <trkpt lat="-48.87813" lon="-123.38046"><ele>4.7</ele><time>2024-03-25T01:56:10Z</time></trkpt>
      <trkpt lat="-48.87812" lon="-123.38045"><ele>4.7</ele><time>2024-03-25T01:56:11Z</time></trkpt>
      <trkpt lat="-48.87811" lon="-123.38045"><ele>4.7</ele><time>2024-03-25T01:56:12Z</time></trkpt>
      <trkpt lat="-48.87809" lon="-123.38044"><ele>4.7</ele><time>2024-03-25T01:56:13Z</time></trkpt>
      <trkpt lat="-48.87808" lon="-123.38044"><ele>4.7</ele><time>2024-03-25T01:56:14Z</time></trkpt>
      <trkpt lat="-48.87808" lon="-123.38043"><ele>4.7</ele><time>2024-03-25T01:56:15Z</time></trkpt>
      <trkpt lat="-48.87807" lon="-123.38043"><ele>4.7</ele><time>2024-03-25T01:56:16Z</time></trkpt>
      <trkpt lat="-48.87805" lon="-123.38042"><ele>4.7</ele><time>2024-03-25T01:56:18Z</time></trkpt>
      <trkpt lat="-48.87805" lon="-123.38042"><ele>4.8</ele><time>2024-03-25T01:56:19Z</time></trkpt>
      <trkpt lat="-48.87804" lon="-123.38041"><ele>4.8</ele><time>2024-03-25T01:56:20Z</time></trkpt>
      <trkpt lat="-48.87803" lon="-123.38041"><ele>4.8</ele><time>2024-03-25T01:56:21Z</time></trkpt>
      <trkpt lat="-48.87801" lon="-123.38040"><ele>4.8</ele><time>2024-03-25T01:56:22Z</time></trkpt>
      <trkpt lat="-48.87801" lon="-123.38040"><ele>4.8</ele><time>2024-03-25T01:56:23Z</time></trkpt>
      <trkpt lat="-48.87800" lon="-123.38039"><ele>4.8</ele><time>2024-03-25T01:56:24Z</time></trkpt>
      <trkpt lat="-48.87798" lon="-123.38038"><ele>4.8</ele><time>2024-03-25T01:56:25Z</time></trkpt>
      <trkpt lat="-48.87797" lon="-123.38037"><ele>4.8</ele><time>2024-03-25T01:56:26Z</time></trkpt>
      <trkpt lat="-48.87796" lon="-123.38036"><ele>4.8</ele><time>2024-03-25T01:56:27Z</time></trkpt>
      <trkpt lat="-48.87794" lon="-123.38036"><ele>4.8</ele><time>2024-03-25T01:56:28Z</time></trkpt>
      <trkpt lat="-48.87794" lon="-123.38035"><ele>4.8</ele><time>2024-03-25T01:56:29Z</time></trkpt>
      <trkpt lat="-48.87793" lon="-123.38034"><ele>4.8</ele><time>2024-03-25T01:56:30Z</time></trkpt>
      <trkpt lat="-48.87792" lon="-123.38034"><ele>4.8</ele><time>2024-03-25T01:56:31Z</time></trkpt>
      <trkpt lat="-48.87791" lon="-123.38033"><ele>4.8</ele><time>2024-03-25T01:56:32Z</time></trkpt>
      <trkpt lat="-48.87790" lon="-123.38033"><ele>4.8</ele><time>2024-03-25T01:56:33Z</time></trkpt>
      <trkpt lat="-48.87788" lon="-123.38031"><ele>4.8</ele><time>2024-03-25T01:56:35Z</time></trkpt>
      <trkpt lat="-48.87787" lon="-123.38030"><ele>4.8</ele><time>2024-03-25T01:56:36Z</time></trkpt>
      <trkpt lat="-48.87786" lon="-123.38029"><ele>4.8</ele><time>2024-03-25T01:56:37Z</time></trkpt>
      <trkpt lat="-48.87785" lon="-123.38029"><ele>4.8</ele><time>2024-03-25T01:56:38Z</time></trkpt>
      <trkpt lat="-48.87782" lon="-123.38026"><ele>4.7</ele><time>2024-03-25T01:56:40Z</time></trkpt>
      <trkpt lat="-48.87779" lon="-123.38025"><ele>4.7</ele><time>2024-03-25T01:56:42Z</time></trkpt>
      <trkpt lat="-48.87778" lon="-123.38023"><ele>4.7</ele><time>2024-03-25T01:56:44Z</time></trkpt>
      <trkpt lat="-48.87776" lon="-123.38022"><ele>4.7</ele><time>2024-03-25T01:56:45Z</time></trkpt>
      <trkpt lat="-48.87772" lon="-123.38019"><ele>4.7</ele><time>2024-03-25T01:56:46Z</time></trkpt>
      <trkpt lat="-48.87771" lon="-123.38018"><ele>4.7</ele><time>2024-03-25T01:56:47Z</time></trkpt>
      <trkpt lat="-48.87770" lon="-123.38017"><ele>4.7</ele><time>2024-03-25T01:56:48Z</time></trkpt>
      <trkpt lat="-48.87769" lon="-123.38017"><ele>4.7</ele><time>2024-03-25T01:56:49Z</time></trkpt>
      <trkpt lat="-48.87769" lon="-123.38016"><ele>4.7</ele><time>2024-03-25T01:56:51Z</time></trkpt>
      <trkpt lat="-48.87768" lon="-123.38016"><ele>4.7</ele><time>2024-03-25T01:56:52Z</time></trkpt>
      <trkpt lat="-48.87767" lon="-123.38015"><ele>4.7</ele><time>2024-03-25T01:56:53Z</time></trkpt>
      <trkpt lat="-48.87765" lon="-123.38013"><ele>4.7</ele><time>2024-03-25T01:56:54Z</time></trkpt>
      <trkpt lat="-48.87763" lon="-123.38011"><ele>4.7</ele><time>2024-03-25T01:56:55Z</time></trkpt>
      <trkpt lat="-48.87762" lon="-123.38011"><ele>4.7</ele><time>2024-03-25T01:56:56Z</time></trkpt>
      <trkpt lat="-48.87761" lon="-123.38010"><ele>4.7</ele><time>2024-03-25T01:56:57Z</time></trkpt>
      <trkpt lat="-48.87761" lon="-123.38010"><ele>4.7</ele><time>2024-03-25T01:56:58Z</time></trkpt>
      <trkpt lat="-48.87760" lon="-123.38009"><ele>4.7</ele><time>2024-03-25T01:56:59Z</time></trkpt>
      <trkpt lat="-48.87759" lon="-123.38008"><ele>4.6</ele><time>2024-03-25T01:57:00Z</time></trkpt>
      <trkpt lat="-48.87758" lon="-123.38007"><ele>4.6</ele><time>2024-03-25T01:57:01Z</time></trkpt>
      <trkpt lat="-48.87757" lon="-123.38006"><ele>4.6</ele><time>2024-03-25T01:57:02Z</time></trkpt>
      <trkpt lat="-48.87755" lon="-123.38004"><ele>4.6</ele><time>2024-03-25T01:57:03Z</time></trkpt>
      <trkpt lat="-48.87754" lon="-123.38004"><ele>4.6</ele><time>2024-03-25T01:57:04Z</time></trkpt>
      <trkpt lat="-48.87754" lon="-123.38003"><ele>4.6</ele><time>2024-03-25T01:57:05Z</time></trkpt>
      <trkpt lat="-48.87752" lon="-123.38002"><ele>4.6</ele><time>2024-03-25T01:57:06Z</time></trkpt>
      <trkpt lat="-48.87751" lon="-123.38000"><ele>4.6</ele><time>2024-03-25T01:57:08Z</time></trkpt>
      <trkpt lat="-48.87750" lon="-123.37999"><ele>4.6</ele><time>2024-03-25T01:57:09Z</time></trkpt>
      <trkpt lat="-48.87746" lon="-123.37995"><ele>4.6</ele><time>2024-03-25T01:57:10Z</time></trkpt>
      <trkpt lat="-48.87745" lon="-123.37994"><ele>4.6</ele><time>2024-03-25T01:57:11Z</time></trkpt>
      <trkpt lat="-48.87744" lon="-123.37993"><ele>4.6</ele><time>2024-03-25T01:57:12Z</time></trkpt>
      <trkpt lat="-48.87743" lon="-123.37992"><ele>4.5</ele><time>2024-03-25T01:57:13Z</time></trkpt>
      <trkpt lat="-48.87741" lon="-123.37991"><ele>4.5</ele><time>2024-03-25T01:57:15Z</time></trkpt>
      <trkpt lat="-48.87739" lon="-123.37989"><ele>4.5</ele><time>2024-03-25T01:57:16Z</time></trkpt>
      <trkpt lat="-48.87739" lon="-123.37989"><ele>4.5</ele><time>2024-03-25T01:57:17Z</time></trkpt>
      <trkpt lat="-48.87738" lon="-123.37988"><ele>4.5</ele><time>2024-03-25T01:57:18Z</time></trkpt>
      <trkpt lat="-48.87735" lon="-123.37986"><ele>4.5</ele><time>2024-03-25T01:57:19Z</time></trkpt>
      <trkpt lat="-48.87733" lon="-123.37984"><ele>4.5</ele><time>2024-03-25T01:57:20Z</time></trkpt>
      <trkpt lat="-48.87732" lon="-123.37983"><ele>4.5</ele><time>2024-03-25T01:57:21Z</time></trkpt>
      <trkpt lat="-48.87732" lon="-123.37983"><ele>4.5</ele><time>2024-03-25T01:57:22Z</time></trkpt>
      <trkpt lat="-48.87731" lon="-123.37982"><ele>4.5</ele><time>2024-03-25T01:57:23Z</time></trkpt>
      <trkpt lat="-48.87730" lon="-123.37981"><ele>4.5</ele><time>2024-03-25T01:57:24Z</time></trkpt>
      <trkpt lat="-48.87729" lon="-123.37980"><ele>4.5</ele><time>2024-03-25T01:57:25Z</time></trkpt>
      <trkpt lat="-48.87726" lon="-123.37978"><ele>4.5</ele><time>2024-03-25T01:57:27Z</time></trkpt>
      <trkpt lat="-48.87725" lon="-123.37977"><ele>4.5</ele><time>2024-03-25T01:57:28Z</time></trkpt>
      <trkpt lat="-48.87724" lon="-123.37976"><ele>4.5</ele><time>2024-03-25T01:57:29Z</time></trkpt>
      <trkpt lat="-48.87723" lon="-123.37975"><ele>4.4</ele><time>2024-03-25T01:57:30Z</time></trkpt>
      <trkpt lat="-48.87722" lon="-123.37974"><ele>4.4</ele><time>2024-03-25T01:57:31Z</time></trkpt>
      <trkpt lat="-48.87721" lon="-123.37973"><ele>4.4</ele><time>2024-03-25T01:57:32Z</time></trkpt>
      <trkpt lat="-48.87719" lon="-123.37972"><ele>4.4</ele><time>2024-03-25T01:57:33Z</time></trkpt>
      <trkpt lat="-48.87718" lon="-123.37971"><ele>4.4</ele><time>2024-03-25T01:57:34Z</time></trkpt>
      <trkpt lat="-48.87717" lon="-123.37970"><ele>4.4</ele><time>2024-03-25T01:57:35Z</time></trkpt>
      <trkpt lat="-48.87714" lon="-123.37968"><ele>4.4</ele><time>2024-03-25T01:57:37Z</time></trkpt>
      <trkpt lat="-48.87713" lon="-123.37968"><ele>4.4</ele><time>2024-03-25T01:57:38Z</time></trkpt>
      <trkpt lat="-48.87712" lon="-123.37967"><ele>4.4</ele><time>2024-03-25T01:57:39Z</time></trkpt>
      <trkpt lat="-48.87710" lon="-123.37965"><ele>4.4</ele><time>2024-03-25T01:57:40Z</time></trkpt>
      <trkpt lat="-48.87709" lon="-123.37964"><ele>4.4</ele><time>2024-03-25T01:57:41Z</time></trkpt>
      <trkpt lat="-48.87708" lon="-123.37964"><ele>4.4</ele><time>2024-03-25T01:57:42Z</time></trkpt>
      <trkpt lat="-48.87706" lon="-123.37963"><ele>4.4</ele><time>2024-03-25T01:57:43Z</time></trkpt>
      <trkpt lat="-48.87705" lon="-123.37962"><ele>4.4</ele><time>2024-03-25T01:57:44Z</time></trkpt>
      <trkpt lat="-48.87705" lon="-123.37962"><ele>4.4</ele><time>2024-03-25T01:57:45Z</time></trkpt>
      <trkpt lat="-48.87702" lon="-123.37960"><ele>4.3</ele><time>2024-03-25T01:57:47Z</time></trkpt>
      <trkpt lat="-48.87701" lon="-123.37960"><ele>4.3</ele><time>2024-03-25T01:57:48Z</time></trkpt>
      <trkpt lat="-48.87700" lon="-123.37959"><ele>4.3</ele><time>2024-03-25T01:57:49Z</time></trkpt>
      <trkpt lat="-48.87699" lon="-123.37958"><ele>4.3</ele><time>2024-03-25T01:57:50Z</time></trkpt>
      <trkpt lat="-48.87697" lon="-123.37957"><ele>4.3</ele><time>2024-03-25T01:57:52Z</time></trkpt>
      <trkpt lat="-48.87696" lon="-123.37956"><ele>4.3</ele><time>2024-03-25T01:57:53Z</time></trkpt>
      <trkpt lat="-48.87694" lon="-123.37955"><ele>4.3</ele><time>2024-03-25T01:57:54Z</time></trkpt>
      <trkpt lat="-48.87691" lon="-123.37953"><ele>4.3</ele><time>2024-03-25T01:57:56Z</time></trkpt>
      <trkpt lat="-48.87689" lon="-123.37953"><ele>4.3</ele><time>2024-03-25T01:57:58Z</time></trkpt>
      <trkpt lat="-48.87688" lon="-123.37952"><ele>4.3</ele><time>2024-03-25T01:57:59Z</time></trkpt>
      <trkpt lat="-48.87687" lon="-123.37951"><ele>4.3</ele><time>2024-03-25T01:58:00Z</time></trkpt>
      <trkpt lat="-48.87685" lon="-123.37950"><ele>4.3</ele><time>2024-03-25T01:58:01Z</time></trkpt>
      <trkpt lat="-48.87684" lon="-123.37949"><ele>4.3</ele><time>2024-03-25T01:58:02Z</time></trkpt>
      <trkpt lat="-48.87683" lon="-123.37948"><ele>4.3</ele><time>2024-03-25T01:58:03Z</time></trkpt>
      <trkpt lat="-48.87682" lon="-123.37948"><ele>4.3</ele><time>2024-03-25T01:58:04Z</time></trkpt>
      <trkpt lat="-48.87681" lon="-123.37946"><ele>4.3</ele><time>2024-03-25T01:58:05Z</time></trkpt>
      <trkpt lat="-48.87680" lon="-123.37946"><ele>4.3</ele><time>2024-03-25T01:58:06Z</time></trkpt>
      <trkpt lat="-48.87679" lon="-123.37945"><ele>4.3</ele><time>2024-03-25T01:58:07Z</time></trkpt>
      <trkpt lat="-48.87677" lon="-123.37944"><ele>4.3</ele><time>2024-03-25T01:58:08Z</time></trkpt>
      <trkpt lat="-48.87676" lon="-123.37943"><ele>4.3</ele><time>2024-03-25T01:58:09Z</time></trkpt>
      <trkpt lat="-48.87676" lon="-123.37942"><ele>4.3</ele><time>2024-03-25T01:58:10Z</time></trkpt>
      <trkpt lat="-48.87673" lon="-123.37940"><ele>4.3</ele><time>2024-03-25T01:58:12Z</time></trkpt>
      <trkpt lat="-48.87672" lon="-123.37939"><ele>4.3</ele><time>2024-03-25T01:58:13Z</time></trkpt>
      <trkpt lat="-48.87671" lon="-123.37937"><ele>4.3</ele><time>2024-03-25T01:58:14Z</time></trkpt>
      <trkpt lat="-48.87670" lon="-123.37937"><ele>4.3</ele><time>2024-03-25T01:58:15Z</time></trkpt>
      <trkpt lat="-48.87669" lon="-123.37936"><ele>4.3</ele><time>2024-03-25T01:58:16Z</time></trkpt>
      <trkpt lat="-48.87668" lon="-123.37934"><ele>4.4</ele><time>2024-03-25T01:58:17Z</time></trkpt>
      <trkpt lat="-48.87667" lon="-123.37934"><ele>4.4</ele><time>2024-03-25T01:58:18Z</time></trkpt>
      <trkpt lat="-48.87666" lon="-123.37933"><ele>4.4</ele><time>2024-03-25T01:58:19Z</time></trkpt>
      <trkpt lat="-48.87665" lon="-123.37931"><ele>4.4</ele><time>2024-03-25T01:58:20Z</time></trkpt>
      <trkpt lat="-48.87664" lon="-123.37930"><ele>4.4</ele><time>2024-03-25T01:58:21Z</time></trkpt>
      <trkpt lat="-48.87663" lon="-123.37929"><ele>4.4</ele><time>2024-03-25T01:58:22Z</time></trkpt>
      <trkpt lat="-48.87662" lon="-123.37928"><ele>4.4</ele><time>2024-03-25T01:58:23Z</time></trkpt>
      <trkpt lat="-48.87660" lon="-123.37927"><ele>4.4</ele><time>2024-03-25T01:58:24Z</time></trkpt>
      <trkpt lat="-48.87659" lon="-123.37925"><ele>4.4</ele><time>2024-03-25T01:58:25Z</time></trkpt>
      <trkpt lat="-48.87655" lon="-123.37922"><ele>4.4</ele><time>2024-03-25T01:58:27Z</time></trkpt>
      <trkpt lat="-48.87653" lon="-123.37921"><ele>4.4</ele><time>2024-03-25T01:58:28Z</time></trkpt>
      <trkpt lat="-48.87652" lon="-123.37920"><ele>4.4</ele><time>2024-03-25T01:58:29Z</time></trkpt>
      <trkpt lat="-48.87651" lon="-123.37919"><ele>4.4</ele><time>2024-03-25T01:58:30Z</time></trkpt>
      <trkpt lat="-48.87649" lon="-123.37918"><ele>4.4</ele><time>2024-03-25T01:58:32Z</time></trkpt>
      <trkpt lat="-48.87648" lon="-123.37917"><ele>4.4</ele><time>2024-03-25T01:58:33Z</time></trkpt>
      <trkpt lat="-48.87647" lon="-123.37916"><ele>4.4</ele><time>2024-03-25T01:58:34Z</time></trkpt>
      <trkpt lat="-48.87647" lon="-123.37915"><ele>4.4</ele><time>2024-03-25T01:58:35Z</time></trkpt>
      <trkpt lat="-48.87646" lon="-123.37914"><ele>4.4</ele><time>2024-03-25T01:58:36Z</time></trkpt>
      <trkpt lat="-48.87645" lon="-123.37913"><ele>4.4</ele><time>2024-03-25T01:58:37Z</time></trkpt>
      <trkpt lat="-48.87644" lon="-123.37913"><ele>4.4</ele><time>2024-03-25T01:58:38Z</time></trkpt>
      <trkpt lat="-48.87644" lon="-123.37911"><ele>4.4</ele><time>2024-03-25T01:58:39Z</time></trkpt>
      <trkpt lat="-48.87643" lon="-123.37910"><ele>4.4</ele><time>2024-03-25T01:58:40Z</time></trkpt>
      <trkpt lat="-48.87641" lon="-123.37909"><ele>4.4</ele><time>2024-03-25T01:58:41Z</time></trkpt>
      <trkpt lat="-48.87640" lon="-123.37908"><ele>4.4</ele><time>2024-03-25T01:58:42Z</time></trkpt>
      <trkpt lat="-48.87639" lon="-123.37907"><ele>4.4</ele><time>2024-03-25T01:58:43Z</time></trkpt>
      <trkpt lat="-48.87638" lon="-123.37905"><ele>4.4</ele><time>2024-03-25T01:58:44Z</time></trkpt>
      <trkpt lat="-48.87637" lon="-123.37904"><ele>4.4</ele><time>2024-03-25T01:58:45Z</time></trkpt>
      <trkpt lat="-48.87636" lon="-123.37903"><ele>4.4</ele><time>2024-03-25T01:58:46Z</time></trkpt>
      <trkpt lat="-48.87634" lon="-123.37901"><ele>4.4</ele><time>2024-03-25T01:58:47Z</time></trkpt>
      <trkpt lat="-48.87634" lon="-123.37900"><ele>4.4</ele><time>2024-03-25T01:58:48Z</time></trkpt>
      <trkpt lat="-48.87633" lon="-123.37899"><ele>4.4</ele><time>2024-03-25T01:58:49Z</time></trkpt>
      <trkpt lat="-48.87632" lon="-123.37898"><ele>4.4</ele><time>2024-03-25T01:58:50Z</time></trkpt>
      <trkpt lat="-48.87630" lon="-123.37896"><ele>4.4</ele><time>2024-03-25T01:58:52Z</time></trkpt>
      <trkpt lat="-48.87629" lon="-123.37895"><ele>4.4</ele><time>2024-03-25T01:58:53Z</time></trkpt>
      <trkpt lat="-48.87628" lon="-123.37893"><ele>4.4</ele><time>2024-03-25T01:58:54Z</time></trkpt>
      <trkpt lat="-48.87626" lon="-123.37891"><ele>4.4</ele><time>2024-03-25T01:58:55Z</time></trkpt>
      <trkpt lat="-48.87625" lon="-123.37890"><ele>4.4</ele><time>2024-03-25T01:58:56Z</time></trkpt>
      <trkpt lat="-48.87624" lon="-123.37889"><ele>4.4</ele><time>2024-03-25T01:58:57Z</time></trkpt>
      <trkpt lat="-48.87622" lon="-123.37886"><ele>4.4</ele><time>2024-03-25T01:58:59Z</time></trkpt>
      <trkpt lat="-48.87621" lon="-123.37886"><ele>4.4</ele><time>2024-03-25T01:59:00Z</time></trkpt>
      <trkpt lat="-48.87620" lon="-123.37884"><ele>4.4</ele><time>2024-03-25T01:59:01Z</time></trkpt>
      <trkpt lat="-48.87619" lon="-123.37883"><ele>4.4</ele><time>2024-03-25T01:59:02Z</time></trkpt>
      <trkpt lat="-48.87619" lon="-123.37882"><ele>4.4</ele><time>2024-03-25T01:59:03Z</time></trkpt>
      <trkpt lat="-48.87618" lon="-123.37881"><ele>4.4</ele><time>2024-03-25T01:59:04Z</time></trkpt>
      <trkpt lat="-48.87617" lon="-123.37880"><ele>4.4</ele><time>2024-03-25T01:59:05Z</time></trkpt>
      <trkpt lat="-48.87616" lon="-123.37879"><ele>4.4</ele><time>2024-03-25T01:59:06Z</time></trkpt>
      <trkpt lat="-48.87615" lon="-123.37878"><ele>4.4</ele><time>2024-03-25T01:59:07Z</time></trkpt>
      <trkpt lat="-48.87614" lon="-123.37877"><ele>4.4</ele><time>2024-03-25T01:59:08Z</time></trkpt>
      <trkpt lat="-48.87613" lon="-123.37876"><ele>4.4</ele><time>2024-03-25T01:59:09Z</time></trkpt>
      <trkpt lat="-48.87612" lon="-123.37875"><ele>4.4</ele><time>2024-03-25T01:59:10Z</time></trkpt>
      <trkpt lat="-48.87611" lon="-123.37874"><ele>4.4</ele><time>2024-03-25T01:59:11Z</time></trkpt>
      <trkpt lat="-48.87610" lon="-123.37873"><ele>4.4</ele><time>2024-03-25T01:59:12Z</time></trkpt>
      <trkpt lat="-48.87609" lon="-123.37871"><ele>4.4</ele><time>2024-03-25T01:59:13Z</time></trkpt>
      <trkpt lat="-48.87608" lon="-123.37870"><ele>4.4</ele><time>2024-03-25T01:59:14Z</time></trkpt>
      <trkpt lat="-48.87607" lon="-123.37869"><ele>4.4</ele><time>2024-03-25T01:59:15Z</time></trkpt>
      <trkpt lat="-48.87605" lon="-123.37867"><ele>4.4</ele><time>2024-03-25T01:59:17Z</time></trkpt>
      <trkpt lat="-48.87604" lon="-123.37866"><ele>4.4</ele><time>2024-03-25T01:59:18Z</time></trkpt>
      <trkpt lat="-48.87602" lon="-123.37863"><ele>4.4</ele><time>2024-03-25T01:59:19Z</time></trkpt>
      <trkpt lat="-48.87601" lon="-123.37862"><ele>4.4</ele><time>2024-03-25T01:59:21Z</time></trkpt>
      <trkpt lat="-48.87600" lon="-123.37860"><ele>4.4</ele><time>2024-03-25T01:59:23Z</time></trkpt>
      <trkpt lat="-48.87599" lon="-123.37859"><ele>4.4</ele><time>2024-03-25T01:59:24Z</time></trkpt>
      <trkpt lat="-48.87598" lon="-123.37857"><ele>4.4</ele><time>2024-03-25T01:59:25Z</time></trkpt>
      <trkpt lat="-48.87596" lon="-123.37856"><ele>4.4</ele><time>2024-03-25T01:59:27Z</time></trkpt>
      <trkpt lat="-48.87595" lon="-123.37854"><ele>4.4</ele><time>2024-03-25T01:59:28Z</time></trkpt>
      <trkpt lat="-48.87594" lon="-123.37853"><ele>4.4</ele><time>2024-03-25T01:59:29Z</time></trkpt>
      <trkpt lat="-48.87592" lon="-123.37851"><ele>4.4</ele><time>2024-03-25T01:59:30Z</time></trkpt>
      <trkpt lat="-48.87591" lon="-123.37850"><ele>4.4</ele><time>2024-03-25T01:59:31Z</time></trkpt>
      <trkpt lat="-48.87591" lon="-123.37850"><ele>4.4</ele><time>2024-03-25T01:59:32Z</time></trkpt>
      <trkpt lat="-48.87589" lon="-123.37847"><ele>4.4</ele><time>2024-03-25T01:59:33Z</time></trkpt>
      <trkpt lat="-48.87588" lon="-123.37847"><ele>4.4</ele><time>2024-03-25T01:59:34Z</time></trkpt>
      <trkpt lat="-48.87588" lon="-123.37846"><ele>4.4</ele><time>2024-03-25T01:59:35Z</time></trkpt>
      <trkpt lat="-48.87586" lon="-123.37844"><ele>4.4</ele><time>2024-03-25T01:59:36Z</time></trkpt>
      <trkpt lat="-48.87585" lon="-123.37843"><ele>4.4</ele><time>2024-03-25T01:59:37Z</time></trkpt>
      <trkpt lat="-48.87583" lon="-123.37840"><ele>4.4</ele><time>2024-03-25T01:59:38Z</time></trkpt>
      <trkpt lat="-48.87582" lon="-123.37839"><ele>4.4</ele><time>2024-03-25T01:59:39Z</time></trkpt>
      <trkpt lat="-48.87580" lon="-123.37836"><ele>4.4</ele><time>2024-03-25T01:59:40Z</time></trkpt>
      <trkpt lat="-48.87579" lon="-123.37835"><ele>4.4</ele><time>2024-03-25T01:59:41Z</time></trkpt>
      <trkpt lat="-48.87577" lon="-123.37832"><ele>4.4</ele><time>2024-03-25T01:59:42Z</time></trkpt>
      <trkpt lat="-48.87576" lon="-123.37830"><ele>4.4</ele><time>2024-03-25T01:59:43Z</time></trkpt>
      <trkpt lat="-48.87574" lon="-123.37827"><ele>4.4</ele><time>2024-03-25T01:59:44Z</time></trkpt>
      <trkpt lat="-48.87572" lon="-123.37824"><ele>4.4</ele><time>2024-03-25T01:59:45Z</time></trkpt>
      <trkpt lat="-48.87571" lon="-123.37821"><ele>4.3</ele><time>2024-03-25T01:59:46Z</time></trkpt>
      <trkpt lat="-48.87568" lon="-123.37818"><ele>4.3</ele><time>2024-03-25T01:59:47Z</time></trkpt>
      <trkpt lat="-48.87566" lon="-123.37814"><ele>4.3</ele><time>2024-03-25T01:59:48Z</time></trkpt>
      <trkpt lat="-48.87563" lon="-123.37811"><ele>4.3</ele><time>2024-03-25T01:59:49Z</time></trkpt>
      <trkpt lat="-48.87561" lon="-123.37807"><ele>4.3</ele><time>2024-03-25T01:59:50Z</time></trkpt>
      <trkpt lat="-48.87559" lon="-123.37803"><ele>4.3</ele><time>2024-03-25T01:59:51Z</time></trkpt>
      <trkpt lat="-48.87558" lon="-123.37801"><ele>4.3</ele><time>2024-03-25T01:59:52Z</time></trkpt>
      <trkpt lat="-48.87556" lon="-123.37798"><ele>4.3</ele><time>2024-03-25T01:59:53Z</time></trkpt>
      <trkpt lat="-48.87554" lon="-123.37796"><ele>4.3</ele><time>2024-03-25T01:59:54Z</time></trkpt>
      <trkpt lat="-48.87551" lon="-123.37791"><ele>4.3</ele><time>2024-03-25T01:59:55Z</time></trkpt>
      <trkpt lat="-48.87550" lon="-123.37790"><ele>4.3</ele><time>2024-03-25T01:59:56Z</time></trkpt>
      <trkpt lat="-48.87546" lon="-123.37786"><ele>4.3</ele><time>2024-03-25T01:59:57Z</time></trkpt>
      <trkpt lat="-48.87545" lon="-123.37785"><ele>4.3</ele><time>2024-03-25T01:59:58Z</time></trkpt>
      <trkpt lat="-48.87542" lon="-123.37781"><ele>4.4</ele><time>2024-03-25T01:59:59Z</time></trkpt>
      <trkpt lat="-48.87541" lon="-123.37779"><ele>4.4</ele><time>2024-03-25T02:00:00Z</time></trkpt>
      <trkpt lat="-48.87539" lon="-123.37776"><ele>4.4</ele><time>2024-03-25T02:00:01Z</time></trkpt>
      <trkpt lat="-48.87539" lon="-123.37775"><ele>4.4</ele><time>2024-03-25T02:00:02Z</time></trkpt>
      <trkpt lat="-48.87536" lon="-123.37770"><ele>4.4</ele><time>2024-03-25T02:00:03Z</time></trkpt>
      <trkpt lat="-48.87535" lon="-123.37768"><ele>4.4</ele><time>2024-03-25T02:00:04Z</time></trkpt>
      <trkpt lat="-48.87532" lon="-123.37764"><ele>4.4</ele><time>2024-03-25T02:00:05Z</time></trkpt>
      <trkpt lat="-48.87532" lon="-123.37762"><ele>4.4</ele><time>2024-03-25T02:00:06Z</time></trkpt>
      <trkpt lat="-48.87530" lon="-123.37758"><ele>4.4</ele><time>2024-03-25T02:00:07Z</time></trkpt>
      <trkpt lat="-48.87529" lon="-123.37757"><ele>4.4</ele><time>2024-03-25T02:00:08Z</time></trkpt>
      <trkpt lat="-48.87527" lon="-123.37753"><ele>4.4</ele><time>2024-03-25T02:00:09Z</time></trkpt>
      <trkpt lat="-48.87526" lon="-123.37752"><ele>4.4</ele><time>2024-03-25T02:00:10Z</time></trkpt>
      <trkpt lat="-48.87524" lon="-123.37748"><ele>4.4</ele><time>2024-03-25T02:00:11Z</time></trkpt>
      <trkpt lat="-48.87523" lon="-123.37747"><ele>4.4</ele><time>2024-03-25T02:00:12Z</time></trkpt>
      <trkpt lat="-48.87521" lon="-123.37742"><ele>4.4</ele><time>2024-03-25T02:00:14Z</time></trkpt>
      <trkpt lat="-48.87519" lon="-123.37739"><ele>4.4</ele><time>2024-03-25T02:00:15Z</time></trkpt>
      <trkpt lat="-48.87518" lon="-123.37738"><ele>4.4</ele><time>2024-03-25T02:00:16Z</time></trkpt>
      <trkpt lat="-48.87515" lon="-123.37733"><ele>4.4</ele><time>2024-03-25T02:00:18Z</time></trkpt>
      <trkpt lat="-48.87513" lon="-123.37731"><ele>4.4</ele><time>2024-03-25T02:00:19Z</time></trkpt>
      <trkpt lat="-48.87512" lon="-123.37729"><ele>4.4</ele><time>2024-03-25T02:00:20Z</time></trkpt>
      <trkpt lat="-48.87509" lon="-123.37726"><ele>4.4</ele><time>2024-03-25T02:00:21Z</time></trkpt>
      <trkpt lat="-48.87507" lon="-123.37722"><ele>4.4</ele><time>2024-03-25T02:00:22Z</time></trkpt>
      <trkpt lat="-48.87506" lon="-123.37722"><ele>4.4</ele><time>2024-03-25T02:00:23Z</time></trkpt>
      <trkpt lat="-48.87502" lon="-123.37718"><ele>4.4</ele><time>2024-03-25T02:00:24Z</time></trkpt>
      <trkpt lat="-48.87501" lon="-123.37717"><ele>4.4</ele><time>2024-03-25T02:00:25Z</time></trkpt>
      <trkpt lat="-48.87498" lon="-123.37714"><ele>4.4</ele><time>2024-03-25T02:00:26Z</time></trkpt>
      <trkpt lat="-48.87496" lon="-123.37713"><ele>4.4</ele><time>2024-03-25T02:00:27Z</time></trkpt>
      <trkpt lat="-48.87494" lon="-123.37711"><ele>4.4</ele><time>2024-03-25T02:00:28Z</time></trkpt>
      <trkpt lat="-48.87491" lon="-123.37710"><ele>4.4</ele><time>2024-03-25T02:00:29Z</time></trkpt>
      <trkpt lat="-48.87488" lon="-123.37708"><ele>4.4</ele><time>2024-03-25T02:00:30Z</time></trkpt>
      <trkpt lat="-48.87485" lon="-123.37708"><ele>4.4</ele><time>2024-03-25T02:00:31Z</time></trkpt>
      <trkpt lat="-48.87482" lon="-123.37707"><ele>4.4</ele><time>2024-03-25T02:00:32Z</time></trkpt>
      <trkpt lat="-48.87479" lon="-123.37706"><ele>4.5</ele><time>2024-03-25T02:00:34Z</time></trkpt>
      <trkpt lat="-48.87476" lon="-123.37705"><ele>4.5</ele><time>2024-03-25T02:00:35Z</time></trkpt>
      <trkpt lat="-48.87472" lon="-123.37704"><ele>4.5</ele><time>2024-03-25T02:00:36Z</time></trkpt>
      <trkpt lat="-48.87469" lon="-123.37704"><ele>4.5</ele><time>2024-03-25T02:00:37Z</time></trkpt>
      <trkpt lat="-48.87466" lon="-123.37704"><ele>4.5</ele><time>2024-03-25T02:00:38Z</time></trkpt>
      <trkpt lat="-48.87463" lon="-123.37705"><ele>4.5</ele><time>2024-03-25T02:00:39Z</time></trkpt>
      <trkpt lat="-48.87461" lon="-123.37705"><ele>4.5</ele><time>2024-03-25T02:00:40Z</time></trkpt>
      <trkpt lat="-48.87458" lon="-123.37706"><ele>4.5</ele><time>2024-03-25T02:00:41Z</time></trkpt>
      <trkpt lat="-48.87457" lon="-123.37706"><ele>4.5</ele><time>2024-03-25T02:00:42Z</time></trkpt>
      <trkpt lat="-48.87452" lon="-123.37707"><ele>4.5</ele><time>2024-03-25T02:00:44Z</time></trkpt>
      <trkpt lat="-48.87450" lon="-123.37707"><ele>4.5</ele><time>2024-03-25T02:00:46Z</time></trkpt>
      <trkpt lat="-48.87448" lon="-123.37708"><ele>4.5</ele><time>2024-03-25T02:00:47Z</time></trkpt>
      <trkpt lat="-48.87445" lon="-123.37709"><ele>4.5</ele><time>2024-03-25T02:00:49Z</time></trkpt>
      <trkpt lat="-48.87444" lon="-123.37709"><ele>4.5</ele><time>2024-03-25T02:00:50Z</time></trkpt>
      <trkpt lat="-48.87442" lon="-123.37710"><ele>4.5</ele><time>2024-03-25T02:00:51Z</time></trkpt>
      <trkpt lat="-48.87441" lon="-123.37710"><ele>4.5</ele><time>2024-03-25T02:00:52Z</time></trkpt>
      <trkpt lat="-48.87439" lon="-123.37711"><ele>4.5</ele><time>2024-03-25T02:00:54Z</time></trkpt>
      <trkpt lat="-48.87437" lon="-123.37711"><ele>4.5</ele><time>2024-03-25T02:00:55Z</time></trkpt>
      <trkpt lat="-48.87436" lon="-123.37711"><ele>4.5</ele><time>2024-03-25T02:00:56Z</time></trkpt>
      <trkpt lat="-48.87435" lon="-123.37712"><ele>4.5</ele><time>2024-03-25T02:00:57Z</time></trkpt>
      <trkpt lat="-48.87432" lon="-123.37713"><ele>4.5</ele><time>2024-03-25T02:00:59Z</time></trkpt>
      <trkpt lat="-48.87431" lon="-123.37713"><ele>4.5</ele><time>2024-03-25T02:01:00Z</time></trkpt>
      <trkpt lat="-48.87430" lon="-123.37713"><ele>4.5</ele><time>2024-03-25T02:01:01Z</time></trkpt>
      <trkpt lat="-48.87429" lon="-123.37714"><ele>4.5</ele><time>2024-03-25T02:01:02Z</time></trkpt>
      <trkpt lat="-48.87428" lon="-123.37714"><ele>4.5</ele><time>2024-03-25T02:01:03Z</time></trkpt>
      <trkpt lat="-48.87427" lon="-123.37715"><ele>4.5</ele><time>2024-03-25T02:01:05Z</time></trkpt>
      <trkpt lat="-48.87425" lon="-123.37715"><ele>4.5</ele><time>2024-03-25T02:01:06Z</time></trkpt>
      <trkpt lat="-48.87423" lon="-123.37716"><ele>4.5</ele><time>2024-03-25T02:01:07Z</time></trkpt>
      <trkpt lat="-48.87421" lon="-123.37717"><ele>4.5</ele><time>2024-03-25T02:01:08Z</time></trkpt>
      <trkpt lat="-48.87420" lon="-123.37717"><ele>4.5</ele><time>2024-03-25T02:01:09Z</time></trkpt>
      <trkpt lat="-48.87419" lon="-123.37717"><ele>4.5</ele><time>2024-03-25T02:01:10Z</time></trkpt>
      <trkpt lat="-48.87418" lon="-123.37717"><ele>4.5</ele><time>2024-03-25T02:01:11Z</time></trkpt>
      <trkpt lat="-48.87418" lon="-123.37718"><ele>4.5</ele><time>2024-03-25T02:01:12Z</time></trkpt>
      <trkpt lat="-48.87416" lon="-123.37718"><ele>4.5</ele><time>2024-03-25T02:01:13Z</time></trkpt>
      <trkpt lat="-48.87414" lon="-123.37719"><ele>4.5</ele><time>2024-03-25T02:01:15Z</time></trkpt>
      <trkpt lat="-48.87411" lon="-123.37720"><ele>4.5</ele><time>2024-03-25T02:01:17Z</time></trkpt>
      <trkpt lat="-48.87410" lon="-123.37720"><ele>4.5</ele><time>2024-03-25T02:01:19Z</time></trkpt>
      <trkpt lat="-48.87407" lon="-123.37720"><ele>4.5</ele><time>2024-03-25T02:01:20Z</time></trkpt>
      <trkpt lat="-48.87405" lon="-123.37721"><ele>4.5</ele><time>2024-03-25T02:01:21Z</time></trkpt>
      <trkpt lat="-48.87404" lon="-123.37721"><ele>4.5</ele><time>2024-03-25T02:01:22Z</time></trkpt>
      <trkpt lat="-48.87401" lon="-123.37721"><ele>4.5</ele><time>2024-03-25T02:01:24Z</time></trkpt>
      <trkpt lat="-48.87400" lon="-123.37721"><ele>4.5</ele><time>2024-03-25T02:01:26Z</time></trkpt>
      <trkpt lat="-48.87398" lon="-123.37721"><ele>4.5</ele><time>2024-03-25T02:01:27Z</time></trkpt>
      <trkpt lat="-48.87395" lon="-123.37721"><ele>4.5</ele><time>2024-03-25T02:01:28Z</time></trkpt>
      <trkpt lat="-48.87394" lon="-123.37721"><ele>4.5</ele><time>2024-03-25T02:01:29Z</time></trkpt>
      <trkpt lat="-48.87391" lon="-123.37722"><ele>4.5</ele><time>2024-03-25T02:01:31Z</time></trkpt>
      <trkpt lat="-48.87389" lon="-123.37722"><ele>4.5</ele><time>2024-03-25T02:01:32Z</time></trkpt>
      <trkpt lat="-48.87387" lon="-123.37722"><ele>4.5</ele><time>2024-03-25T02:01:34Z</time></trkpt>
      <trkpt lat="-48.87383" lon="-123.37723"><ele>4.5</ele><time>2024-03-25T02:01:36Z</time></trkpt>
      <trkpt lat="-48.87382" lon="-123.37724"><ele>4.5</ele><time>2024-03-25T02:01:37Z</time></trkpt>
      <trkpt lat="-48.87381" lon="-123.37724"><ele>4.5</ele><time>2024-03-25T02:01:39Z</time></trkpt>
      <trkpt lat="-48.87380" lon="-123.37724"><ele>4.5</ele><time>2024-03-25T02:01:40Z</time></trkpt>
      <trkpt lat="-48.87378" lon="-123.37725"><ele>4.5</ele><time>2024-03-25T02:01:41Z</time></trkpt>
      <trkpt lat="-48.87377" lon="-123.37725"><ele>4.5</ele><time>2024-03-25T02:01:42Z</time></trkpt>
      <trkpt lat="-48.87375" lon="-123.37726"><ele>4.5</ele><time>2024-03-25T02:01:43Z</time></trkpt>
      <trkpt lat="-48.87374" lon="-123.37727"><ele>4.6</ele><time>2024-03-25T02:01:44Z</time></trkpt>
      <trkpt lat="-48.87372" lon="-123.37727"><ele>4.6</ele><time>2024-03-25T02:01:45Z</time></trkpt>
      <trkpt lat="-48.87369" lon="-123.37728"><ele>4.6</ele><time>2024-03-25T02:01:46Z</time></trkpt>
      <trkpt lat="-48.87367" lon="-123.37729"><ele>4.6</ele><time>2024-03-25T02:01:47Z</time></trkpt>
      <trkpt lat="-48.87366" lon="-123.37729"><ele>4.6</ele><time>2024-03-25T02:01:48Z</time></trkpt>
      <trkpt lat="-48.87365" lon="-123.37730"><ele>4.6</ele><time>2024-03-25T02:01:49Z</time></trkpt>
      <trkpt lat="-48.87364" lon="-123.37730"><ele>4.6</ele><time>2024-03-25T02:01:50Z</time></trkpt>
      <trkpt lat="-48.87361" lon="-123.37731"><ele>4.6</ele><time>2024-03-25T02:01:51Z</time></trkpt>
      <trkpt lat="-48.87360" lon="-123.37731"><ele>4.6</ele><time>2024-03-25T02:01:53Z</time></trkpt>
      <trkpt lat="-48.87359" lon="-123.37732"><ele>4.6</ele><time>2024-03-25T02:01:54Z</time></trkpt>
      <trkpt lat="-48.87357" lon="-123.37732"><ele>4.6</ele><time>2024-03-25T02:01:55Z</time></trkpt>
      <trkpt lat="-48.87356" lon="-123.37732"><ele>4.6</ele><time>2024-03-25T02:01:56Z</time></trkpt>
      <trkpt lat="-48.87353" lon="-123.37733"><ele>4.5</ele><time>2024-03-25T02:01:57Z</time></trkpt>
      <trkpt lat="-48.87352" lon="-123.37734"><ele>4.5</ele><time>2024-03-25T02:01:59Z</time></trkpt>
      <trkpt lat="-48.87350" lon="-123.37734"><ele>4.5</ele><time>2024-03-25T02:02:01Z</time></trkpt>
      <trkpt lat="-48.87349" lon="-123.37735"><ele>4.5</ele><time>2024-03-25T02:02:02Z</time></trkpt>
      <trkpt lat="-48.87347" lon="-123.37735"><ele>4.5</ele><time>2024-03-25T02:02:03Z</time></trkpt>
      <trkpt lat="-48.87345" lon="-123.37735"><ele>4.5</ele><time>2024-03-25T02:02:04Z</time></trkpt>
      <trkpt lat="-48.87343" lon="-123.37735"><ele>4.5</ele><time>2024-03-25T02:02:06Z</time></trkpt>
      <trkpt lat="-48.87342" lon="-123.37735"><ele>4.4</ele><time>2024-03-25T02:02:07Z</time></trkpt>
      <trkpt lat="-48.87339" lon="-123.37735"><ele>4.4</ele><time>2024-03-25T02:02:09Z</time></trkpt>
      <trkpt lat="-48.87338" lon="-123.37735"><ele>4.4</ele><time>2024-03-25T02:02:11Z</time></trkpt>
      <trkpt lat="-48.87337" lon="-123.37735"><ele>4.4</ele><time>2024-03-25T02:02:12Z</time></trkpt>
      <trkpt lat="-48.87336" lon="-123.37735"><ele>4.4</ele><time>2024-03-25T02:02:13Z</time></trkpt>
      <trkpt lat="-48.87333" lon="-123.37734"><ele>4.4</ele><time>2024-03-25T02:02:14Z</time></trkpt>
      <trkpt lat="-48.87332" lon="-123.37734"><ele>4.4</ele><time>2024-03-25T02:02:16Z</time></trkpt>
      <trkpt lat="-48.87330" lon="-123.37734"><ele>4.4</ele><time>2024-03-25T02:02:17Z</time></trkpt>
      <trkpt lat="-48.87327" lon="-123.37733"><ele>4.4</ele><time>2024-03-25T02:02:18Z</time></trkpt>
      <trkpt lat="-48.87325" lon="-123.37733"><ele>4.4</ele><time>2024-03-25T02:02:19Z</time></trkpt>
      <trkpt lat="-48.87324" lon="-123.37733"><ele>4.4</ele><time>2024-03-25T02:02:21Z</time></trkpt>
      <trkpt lat="-48.87322" lon="-123.37732"><ele>4.4</ele><time>2024-03-25T02:02:22Z</time></trkpt>
      <trkpt lat="-48.87320" lon="-123.37732"><ele>4.4</ele><time>2024-03-25T02:02:23Z</time></trkpt>
      <trkpt lat="-48.87318" lon="-123.37731"><ele>4.4</ele><time>2024-03-25T02:02:24Z</time></trkpt>
      <trkpt lat="-48.87317" lon="-123.37731"><ele>4.4</ele><time>2024-03-25T02:02:25Z</time></trkpt>
      <trkpt lat="-48.87316" lon="-123.37731"><ele>4.4</ele><time>2024-03-25T02:02:26Z</time></trkpt>
      <trkpt lat="-48.87315" lon="-123.37731"><ele>4.4</ele><time>2024-03-25T02:02:27Z</time></trkpt>
      <trkpt lat="-48.87314" lon="-123.37730"><ele>4.4</ele><time>2024-03-25T02:02:28Z</time></trkpt>
      <trkpt lat="-48.87313" lon="-123.37730"><ele>4.4</ele><time>2024-03-25T02:02:29Z</time></trkpt>
      <trkpt lat="-48.87311" lon="-123.37729"><ele>4.4</ele><time>2024-03-25T02:02:30Z</time></trkpt>
      <trkpt lat="-48.87309" lon="-123.37728"><ele>4.5</ele><time>2024-03-25T02:02:31Z</time></trkpt>
      <trkpt lat="-48.87308" lon="-123.37728"><ele>4.5</ele><time>2024-03-25T02:02:32Z</time></trkpt>
      <trkpt lat="-48.87306" lon="-123.37727"><ele>4.5</ele><time>2024-03-25T02:02:33Z</time></trkpt>
      <trkpt lat="-48.87304" lon="-123.37727"><ele>4.5</ele><time>2024-03-25T02:02:34Z</time></trkpt>
      <trkpt lat="-48.87303" lon="-123.37726"><ele>4.6</ele><time>2024-03-25T02:02:36Z</time></trkpt>
      <trkpt lat="-48.87300" lon="-123.37725"><ele>4.6</ele><time>2024-03-25T02:02:37Z</time></trkpt>
      <trkpt lat="-48.87298" lon="-123.37724"><ele>4.7</ele><time>2024-03-25T02:02:38Z</time></trkpt>
      <trkpt lat="-48.87297" lon="-123.37724"><ele>4.7</ele><time>2024-03-25T02:02:39Z</time></trkpt>
      <trkpt lat="-48.87297" lon="-123.37724"><ele>4.7</ele><time>2024-03-25T02:02:40Z</time></trkpt>
      <trkpt lat="-48.87295" lon="-123.37722"><ele>4.7</ele><time>2024-03-25T02:02:42Z</time></trkpt>
      <trkpt lat="-48.87293" lon="-123.37722"><ele>4.8</ele><time>2024-03-25T02:02:43Z</time></trkpt>
      <trkpt lat="-48.87292" lon="-123.37721"><ele>4.8</ele><time>2024-03-25T02:02:44Z</time></trkpt>
      <trkpt lat="-48.87291" lon="-123.37721"><ele>4.8</ele><time>2024-03-25T02:02:45Z</time></trkpt>
      <trkpt lat="-48.87290" lon="-123.37720"><ele>4.9</ele><time>2024-03-25T02:02:46Z</time></trkpt>
      <trkpt lat="-48.87288" lon="-123.37719"><ele>4.9</ele><time>2024-03-25T02:02:48Z</time></trkpt>
      <trkpt lat="-48.87285" lon="-123.37717"><ele>5.0</ele><time>2024-03-25T02:02:50Z</time></trkpt>
      <trkpt lat="-48.87284" lon="-123.37717"><ele>5.0</ele><time>2024-03-25T02:02:51Z</time></trkpt>
      <trkpt lat="-48.87282" lon="-123.37716"><ele>5.1</ele><time>2024-03-25T02:02:52Z</time></trkpt>
      <trkpt lat="-48.87281" lon="-123.37715"><ele>5.1</ele><time>2024-03-25T02:02:53Z</time></trkpt>
      <trkpt lat="-48.87280" lon="-123.37714"><ele>5.1</ele><time>2024-03-25T02:02:54Z</time></trkpt>
      <trkpt lat="-48.87278" lon="-123.37713"><ele>5.2</ele><time>2024-03-25T02:02:56Z</time></trkpt>
      <trkpt lat="-48.87277" lon="-123.37712"><ele>5.2</ele><time>2024-03-25T02:02:57Z</time></trkpt>
      <trkpt lat="-48.87276" lon="-123.37712"><ele>5.2</ele><time>2024-03-25T02:02:58Z</time></trkpt>
      <trkpt lat="-48.87275" lon="-123.37711"><ele>5.3</ele><time>2024-03-25T02:02:59Z</time></trkpt>
      <trkpt lat="-48.87273" lon="-123.37709"><ele>5.3</ele><time>2024-03-25T02:03:00Z</time></trkpt>
      <trkpt lat="-48.87272" lon="-123.37708"><ele>5.4</ele><time>2024-03-25T02:03:01Z</time></trkpt>
      <trkpt lat="-48.87268" lon="-123.37706"><ele>5.4</ele><time>2024-03-25T02:03:02Z</time></trkpt>
      <trkpt lat="-48.87267" lon="-123.37705"><ele>5.5</ele><time>2024-03-25T02:03:03Z</time></trkpt>
      <trkpt lat="-48.87265" lon="-123.37702"><ele>5.6</ele><time>2024-03-25T02:03:04Z</time></trkpt>
      <trkpt lat="-48.87262" lon="-123.37699"><ele>5.7</ele><time>2024-03-25T02:03:05Z</time></trkpt>
      <trkpt lat="-48.87261" lon="-123.37698"><ele>5.7</ele><time>2024-03-25T02:03:06Z</time></trkpt>
      <trkpt lat="-48.87258" lon="-123.37695"><ele>5.8</ele><time>2024-03-25T02:03:07Z</time></trkpt>
      <trkpt lat="-48.87256" lon="-123.37691"><ele>5.8</ele><time>2024-03-25T02:03:08Z</time></trkpt>
      <trkpt lat="-48.87254" lon="-123.37687"><ele>5.9</ele><time>2024-03-25T02:03:09Z</time></trkpt>
      <trkpt lat="-48.87253" lon="-123.37686"><ele>6.0</ele><time>2024-03-25T02:03:10Z</time></trkpt>
      <trkpt lat="-48.87251" lon="-123.37680"><ele>6.1</ele><time>2024-03-25T02:03:12Z</time></trkpt>
      <trkpt lat="-48.87249" lon="-123.37675"><ele>6.1</ele><time>2024-03-25T02:03:14Z</time></trkpt>
      <trkpt lat="-48.87247" lon="-123.37670"><ele>6.2</ele><time>2024-03-25T02:03:16Z</time></trkpt>
      <trkpt lat="-48.87245" lon="-123.37665"><ele>6.2</ele><time>2024-03-25T02:03:18Z</time></trkpt>
      <trkpt lat="-48.87244" lon="-123.37664"><ele>6.2</ele><time>2024-03-25T02:03:19Z</time></trkpt>
      <trkpt lat="-48.87243" lon="-123.37659"><ele>6.3</ele><time>2024-03-25T02:03:20Z</time></trkpt>
      <trkpt lat="-48.87242" lon="-123.37654"><ele>6.3</ele><time>2024-03-25T02:03:21Z</time></trkpt>
      <trkpt lat="-48.87241" lon="-123.37648"><ele>6.3</ele><time>2024-03-25T02:03:22Z</time></trkpt>
      <trkpt lat="-48.87240" lon="-123.37645"><ele>6.3</ele><time>2024-03-25T02:03:23Z</time></trkpt>
      <trkpt lat="-48.87239" lon="-123.37637"><ele>6.3</ele><time>2024-03-25T02:03:25Z</time></trkpt>
      <trkpt lat="-48.87238" lon="-123.37633"><ele>6.3</ele><time>2024-03-25T02:03:26Z</time></trkpt>
      <trkpt lat="-48.87238" lon="-123.37628"><ele>6.3</ele><time>2024-03-25T02:03:27Z</time></trkpt>
      <trkpt lat="-48.87237" lon="-123.37623"><ele>6.3</ele><time>2024-03-25T02:03:28Z</time></trkpt>
      <trkpt lat="-48.87237" lon="-123.37619"><ele>6.4</ele><time>2024-03-25T02:03:29Z</time></trkpt>
      <trkpt lat="-48.87237" lon="-123.37613"><ele>6.4</ele><time>2024-03-25T02:03:30Z</time></trkpt>
      <trkpt lat="-48.87237" lon="-123.37611"><ele>6.4</ele><time>2024-03-25T02:03:31Z</time></trkpt>
      <trkpt lat="-48.87236" lon="-123.37605"><ele>6.4</ele><time>2024-03-25T02:03:32Z</time></trkpt>
      <trkpt lat="-48.87236" lon="-123.37604"><ele>6.4</ele><time>2024-03-25T02:03:33Z</time></trkpt>
      <trkpt lat="-48.87235" lon="-123.37598"><ele>6.4</ele><time>2024-03-25T02:03:34Z</time></trkpt>
      <trkpt lat="-48.87235" lon="-123.37596"><ele>6.4</ele><time>2024-03-25T02:03:35Z</time></trkpt>
      <trkpt lat="-48.87234" lon="-123.37590"><ele>6.4</ele><time>2024-03-25T02:03:36Z</time></trkpt>
      <trkpt lat="-48.87234" lon="-123.37588"><ele>6.4</ele><time>2024-03-25T02:03:37Z</time></trkpt>
      <trkpt lat="-48.87233" lon="-123.37582"><ele>6.4</ele><time>2024-03-25T02:03:39Z</time></trkpt>
      <trkpt lat="-48.87232" lon="-123.37577"><ele>6.4</ele><time>2024-03-25T02:03:40Z</time></trkpt>
      <trkpt lat="-48.87232" lon="-123.37575"><ele>6.4</ele><time>2024-03-25T02:03:41Z</time></trkpt>
      <trkpt lat="-48.87232" lon="-123.37568"><ele>6.3</ele><time>2024-03-25T02:03:43Z</time></trkpt>
      <trkpt lat="-48.87232" lon="-123.37560"><ele>6.3</ele><time>2024-03-25T02:03:45Z</time></trkpt>
      <trkpt lat="-48.87231" lon="-123.37552"><ele>6.3</ele><time>2024-03-25T02:03:47Z</time></trkpt>
      <trkpt lat="-48.87230" lon="-123.37545"><ele>6.3</ele><time>2024-03-25T02:03:49Z</time></trkpt>
      <trkpt lat="-48.87230" lon="-123.37542"><ele>6.3</ele><time>2024-03-25T02:03:50Z</time></trkpt>
      <trkpt lat="-48.87229" lon="-123.37540"><ele>6.2</ele><time>2024-03-25T02:03:51Z</time></trkpt>
      <trkpt lat="-48.87229" lon="-123.37535"><ele>6.2</ele><time>2024-03-25T02:03:52Z</time></trkpt>
      <trkpt lat="-48.87229" lon="-123.37534"><ele>6.2</ele><time>2024-03-25T02:03:53Z</time></trkpt>
      <trkpt lat="-48.87229" lon="-123.37529"><ele>6.2</ele><time>2024-03-25T02:03:54Z</time></trkpt>
      <trkpt lat="-48.87229" lon="-123.37528"><ele>6.2</ele><time>2024-03-25T02:03:55Z</time></trkpt>
      <trkpt lat="-48.87229" lon="-123.37523"><ele>6.2</ele><time>2024-03-25T02:03:56Z</time></trkpt>
      <trkpt lat="-48.87229" lon="-123.37521"><ele>6.1</ele><time>2024-03-25T02:03:57Z</time></trkpt>
      <trkpt lat="-48.87229" lon="-123.37516"><ele>6.1</ele><time>2024-03-25T02:03:58Z</time></trkpt>
      <trkpt lat="-48.87229" lon="-123.37514"><ele>6.1</ele><time>2024-03-25T02:03:59Z</time></trkpt>
      <trkpt lat="-48.87228" lon="-123.37510"><ele>6.1</ele><time>2024-03-25T02:04:00Z</time></trkpt>
      <trkpt lat="-48.87228" lon="-123.37505"><ele>6.0</ele><time>2024-03-25T02:04:01Z</time></trkpt>
      <trkpt lat="-48.87228" lon="-123.37501"><ele>6.0</ele><time>2024-03-25T02:04:02Z</time></trkpt>
      <trkpt lat="-48.87228" lon="-123.37495"><ele>6.0</ele><time>2024-03-25T02:04:03Z</time></trkpt>
      <trkpt lat="-48.87228" lon="-123.37493"><ele>6.0</ele><time>2024-03-25T02:04:04Z</time></trkpt>
      <trkpt lat="-48.87227" lon="-123.37488"><ele>6.0</ele><time>2024-03-25T02:04:05Z</time></trkpt>
      <trkpt lat="-48.87227" lon="-123.37484"><ele>6.0</ele><time>2024-03-25T02:04:06Z</time></trkpt>
      <trkpt lat="-48.87227" lon="-123.37478"><ele>6.0</ele><time>2024-03-25T02:04:07Z</time></trkpt>
      <trkpt lat="-48.87227" lon="-123.37474"><ele>5.9</ele><time>2024-03-25T02:04:08Z</time></trkpt>
      <trkpt lat="-48.87228" lon="-123.37468"><ele>5.9</ele><time>2024-03-25T02:04:09Z</time></trkpt>
      <trkpt lat="-48.87228" lon="-123.37463"><ele>5.9</ele><time>2024-03-25T02:04:10Z</time></trkpt>
      <trkpt lat="-48.87228" lon="-123.37461"><ele>5.9</ele><time>2024-03-25T02:04:11Z</time></trkpt>
      <trkpt lat="-48.87228" lon="-123.37456"><ele>6.0</ele><time>2024-03-25T02:04:12Z</time></trkpt>
      <trkpt lat="-48.87229" lon="-123.37451"><ele>6.0</ele><time>2024-03-25T02:04:13Z</time></trkpt>
      <trkpt lat="-48.87229" lon="-123.37449"><ele>6.0</ele><time>2024-03-25T02:04:14Z</time></trkpt>
      <trkpt lat="-48.87230" lon="-123.37446"><ele>6.0</ele><time>2024-03-25T02:04:15Z</time></trkpt>
      <trkpt lat="-48.87231" lon="-123.37439"><ele>6.0</ele><time>2024-03-25T02:04:17Z</time></trkpt>
      <trkpt lat="-48.87232" lon="-123.37435"><ele>6.0</ele><time>2024-03-25T02:04:18Z</time></trkpt>
      <trkpt lat="-48.87233" lon="-123.37430"><ele>6.0</ele><time>2024-03-25T02:04:19Z</time></trkpt>
      <trkpt lat="-48.87234" lon="-123.37425"><ele>5.9</ele><time>2024-03-25T02:04:20Z</time></trkpt>
      <trkpt lat="-48.87235" lon="-123.37421"><ele>5.9</ele><time>2024-03-25T02:04:21Z</time></trkpt>
      <trkpt lat="-48.87235" lon="-123.37419"><ele>5.9</ele><time>2024-03-25T02:04:22Z</time></trkpt>
      <trkpt lat="-48.87236" lon="-123.37414"><ele>5.9</ele><time>2024-03-25T02:04:23Z</time></trkpt>
      <trkpt lat="-48.87236" lon="-123.37412"><ele>5.9</ele><time>2024-03-25T02:04:24Z</time></trkpt>
      <trkpt lat="-48.87236" lon="-123.37407"><ele>5.9</ele><time>2024-03-25T02:04:25Z</time></trkpt>
      <trkpt lat="-48.87237" lon="-123.37405"><ele>5.9</ele><time>2024-03-25T02:04:26Z</time></trkpt>
      <trkpt lat="-48.87238" lon="-123.37396"><ele>5.9</ele><time>2024-03-25T02:04:28Z</time></trkpt>
      <trkpt lat="-48.87239" lon="-123.37389"><ele>5.9</ele><time>2024-03-25T02:04:30Z</time></trkpt>
      <trkpt lat="-48.87240" lon="-123.37382"><ele>5.8</ele><time>2024-03-25T02:04:32Z</time></trkpt>
      <trkpt lat="-48.87241" lon="-123.37377"><ele>5.8</ele><time>2024-03-25T02:04:34Z</time></trkpt>
      <trkpt lat="-48.87241" lon="-123.37375"><ele>5.8</ele><time>2024-03-25T02:04:35Z</time></trkpt>
      <trkpt lat="-48.87243" lon="-123.37369"><ele>5.8</ele><time>2024-03-25T02:04:36Z</time></trkpt>
      <trkpt lat="-48.87244" lon="-123.37365"><ele>5.8</ele><time>2024-03-25T02:04:37Z</time></trkpt>
      <trkpt lat="-48.87244" lon="-123.37363"><ele>5.8</ele><time>2024-03-25T02:04:38Z</time></trkpt>
      <trkpt lat="-48.87247" lon="-123.37358"><ele>5.8</ele><time>2024-03-25T02:04:39Z</time></trkpt>
      <trkpt lat="-48.87247" lon="-123.37357"><ele>5.8</ele><time>2024-03-25T02:04:40Z</time></trkpt>
      <trkpt lat="-48.87250" lon="-123.37352"><ele>5.8</ele><time>2024-03-25T02:04:41Z</time></trkpt>
      <trkpt lat="-48.87250" lon="-123.37350"><ele>5.8</ele><time>2024-03-25T02:04:42Z</time></trkpt>
      <trkpt lat="-48.87253" lon="-123.37345"><ele>5.7</ele><time>2024-03-25T02:04:43Z</time></trkpt>
      <trkpt lat="-48.87253" lon="-123.37343"><ele>5.7</ele><time>2024-03-25T02:04:44Z</time></trkpt>
      <trkpt lat="-48.87255" lon="-123.37340"><ele>5.7</ele><time>2024-03-25T02:04:45Z</time></trkpt>
      <trkpt lat="-48.87256" lon="-123.37335"><ele>5.7</ele><time>2024-03-25T02:04:46Z</time></trkpt>
      <trkpt lat="-48.87257" lon="-123.37333"><ele>5.7</ele><time>2024-03-25T02:04:47Z</time></trkpt>
      <trkpt lat="-48.87258" lon="-123.37329"><ele>5.7</ele><time>2024-03-25T02:04:48Z</time></trkpt>
      <trkpt lat="-48.87259" lon="-123.37327"><ele>5.7</ele><time>2024-03-25T02:04:49Z</time></trkpt>
      <trkpt lat="-48.87261" lon="-123.37322"><ele>5.7</ele><time>2024-03-25T02:04:50Z</time></trkpt>
      <trkpt lat="-48.87261" lon="-123.37320"><ele>5.7</ele><time>2024-03-25T02:04:51Z</time></trkpt>
      <trkpt lat="-48.87263" lon="-123.37315"><ele>5.7</ele><time>2024-03-25T02:04:52Z</time></trkpt>
      <trkpt lat="-48.87263" lon="-123.37314"><ele>5.7</ele><time>2024-03-25T02:04:53Z</time></trkpt>
      <trkpt lat="-48.87265" lon="-123.37309"><ele>5.7</ele><time>2024-03-25T02:04:54Z</time></trkpt>
      <trkpt lat="-48.87265" lon="-123.37307"><ele>5.7</ele><time>2024-03-25T02:04:55Z</time></trkpt>
      <trkpt lat="-48.87267" lon="-123.37302"><ele>5.7</ele><time>2024-03-25T02:04:56Z</time></trkpt>
      <trkpt lat="-48.87267" lon="-123.37301"><ele>5.7</ele><time>2024-03-25T02:04:57Z</time></trkpt>
      <trkpt lat="-48.87268" lon="-123.37297"><ele>5.7</ele><time>2024-03-25T02:04:58Z</time></trkpt>
      <trkpt lat="-48.87270" lon="-123.37291"><ele>5.7</ele><time>2024-03-25T02:04:59Z</time></trkpt>
      <trkpt lat="-48.87271" lon="-123.37290"><ele>5.7</ele><time>2024-03-25T02:05:00Z</time></trkpt>
      <trkpt lat="-48.87273" lon="-123.37286"><ele>5.7</ele><time>2024-03-25T02:05:01Z</time></trkpt>
      <trkpt lat="-48.87275" lon="-123.37282"><ele>5.8</ele><time>2024-03-25T02:05:02Z</time></trkpt>
      <trkpt lat="-48.87275" lon="-123.37280"><ele>5.8</ele><time>2024-03-25T02:05:03Z</time></trkpt>
      <trkpt lat="-48.87277" lon="-123.37278"><ele>5.8</ele><time>2024-03-25T02:05:04Z</time></trkpt>
      <trkpt lat="-48.87277" lon="-123.37277"><ele>5.8</ele><time>2024-03-25T02:05:05Z</time></trkpt>
      <trkpt lat="-48.87278" lon="-123.37275"><ele>5.8</ele><time>2024-03-25T02:05:06Z</time></trkpt>
      <trkpt lat="-48.87279" lon="-123.37274"><ele>5.8</ele><time>2024-03-25T02:05:07Z</time></trkpt>
      <trkpt lat="-48.87279" lon="-123.37272"><ele>5.8</ele><time>2024-03-25T02:05:08Z</time></trkpt>
      <trkpt lat="-48.87280" lon="-123.37269"><ele>5.8</ele><time>2024-03-25T02:05:09Z</time></trkpt>
      <trkpt lat="-48.87281" lon="-123.37268"><ele>5.8</ele><time>2024-03-25T02:05:10Z</time></trkpt>
      <trkpt lat="-48.87281" lon="-123.37267"><ele>5.8</ele><time>2024-03-25T02:05:11Z</time></trkpt>
      <trkpt lat="-48.87282" lon="-123.37266"><ele>5.8</ele><time>2024-03-25T02:05:12Z</time></trkpt>
      <trkpt lat="-48.87282" lon="-123.37264"><ele>5.8</ele><time>2024-03-25T02:05:13Z</time></trkpt>
      <trkpt lat="-48.87283" lon="-123.37262"><ele>5.8</ele><time>2024-03-25T02:05:15Z</time></trkpt>
      <trkpt lat="-48.87284" lon="-123.37259"><ele>5.8</ele><time>2024-03-25T02:05:16Z</time></trkpt>
      <trkpt lat="-48.87285" lon="-123.37258"><ele>5.8</ele><time>2024-03-25T02:05:17Z</time></trkpt>
      <trkpt lat="-48.87286" lon="-123.37256"><ele>5.8</ele><time>2024-03-25T02:05:18Z</time></trkpt>
      <trkpt lat="-48.87286" lon="-123.37254"><ele>5.9</ele><time>2024-03-25T02:05:19Z</time></trkpt>
      <trkpt lat="-48.87288" lon="-123.37250"><ele>5.9</ele><time>2024-03-25T02:05:20Z</time></trkpt>
      <trkpt lat="-48.87289" lon="-123.37249"><ele>5.9</ele><time>2024-03-25T02:05:21Z</time></trkpt>
      <trkpt lat="-48.87291" lon="-123.37245"><ele>5.9</ele><time>2024-03-25T02:05:22Z</time></trkpt>
      <trkpt lat="-48.87291" lon="-123.37243"><ele>5.9</ele><time>2024-03-25T02:05:23Z</time></trkpt>
      <trkpt lat="-48.87294" lon="-123.37238"><ele>5.9</ele><time>2024-03-25T02:05:24Z</time></trkpt>
      <trkpt lat="-48.87295" lon="-123.37236"><ele>5.9</ele><time>2024-03-25T02:05:25Z</time></trkpt>
      <trkpt lat="-48.87296" lon="-123.37233"><ele>5.9</ele><time>2024-03-25T02:05:26Z</time></trkpt>
      <trkpt lat="-48.87298" lon="-123.37227"><ele>5.9</ele><time>2024-03-25T02:05:27Z</time></trkpt>
      <trkpt lat="-48.87298" lon="-123.37225"><ele>5.9</ele><time>2024-03-25T02:05:28Z</time></trkpt>
      <trkpt lat="-48.87300" lon="-123.37222"><ele>5.9</ele><time>2024-03-25T02:05:29Z</time></trkpt>
      <trkpt lat="-48.87301" lon="-123.37217"><ele>6.0</ele><time>2024-03-25T02:05:30Z</time></trkpt>
      <trkpt lat="-48.87302" lon="-123.37216"><ele>6.0</ele><time>2024-03-25T02:05:31Z</time></trkpt>
      <trkpt lat="-48.87303" lon="-123.37212"><ele>6.0</ele><time>2024-03-25T02:05:32Z</time></trkpt>
      <trkpt lat="-48.87304" lon="-123.37204"><ele>6.0</ele><time>2024-03-25T02:05:34Z</time></trkpt>
      <trkpt lat="-48.87305" lon="-123.37200"><ele>5.9</ele><time>2024-03-25T02:05:35Z</time></trkpt>
      <trkpt lat="-48.87305" lon="-123.37196"><ele>5.9</ele><time>2024-03-25T02:05:36Z</time></trkpt>
      <trkpt lat="-48.87306" lon="-123.37192"><ele>5.9</ele><time>2024-03-25T02:05:37Z</time></trkpt>
      <trkpt lat="-48.87306" lon="-123.37186"><ele>5.8</ele><time>2024-03-25T02:05:38Z</time></trkpt>
      <trkpt lat="-48.87306" lon="-123.37184"><ele>5.8</ele><time>2024-03-25T02:05:39Z</time></trkpt>
      <trkpt lat="-48.87306" lon="-123.37179"><ele>5.8</ele><time>2024-03-25T02:05:40Z</time></trkpt>
      <trkpt lat="-48.87306" lon="-123.37174"><ele>5.8</ele><time>2024-03-25T02:05:41Z</time></trkpt>
      <trkpt lat="-48.87306" lon="-123.37168"><ele>5.7</ele><time>2024-03-25T02:05:42Z</time></trkpt>
      <trkpt lat="-48.87306" lon="-123.37166"><ele>5.7</ele><time>2024-03-25T02:05:43Z</time></trkpt>
      <trkpt lat="-48.87306" lon="-123.37162"><ele>5.7</ele><time>2024-03-25T02:05:44Z</time></trkpt>
      <trkpt lat="-48.87306" lon="-123.37160"><ele>5.7</ele><time>2024-03-25T02:05:45Z</time></trkpt>
      <trkpt lat="-48.87306" lon="-123.37155"><ele>5.7</ele><time>2024-03-25T02:05:46Z</time></trkpt>
      <trkpt lat="-48.87307" lon="-123.37151"><ele>5.8</ele><time>2024-03-25T02:05:47Z</time></trkpt>
      <trkpt lat="-48.87308" lon="-123.37145"><ele>5.8</ele><time>2024-03-25T02:05:48Z</time></trkpt>
      <trkpt lat="-48.87309" lon="-123.37143"><ele>5.8</ele><time>2024-03-25T02:05:49Z</time></trkpt>
      <trkpt lat="-48.87311" lon="-123.37140"><ele>5.8</ele><time>2024-03-25T02:05:51Z</time></trkpt>
      <trkpt lat="-48.87313" lon="-123.37136"><ele>5.8</ele><time>2024-03-25T02:05:52Z</time></trkpt>
      <trkpt lat="-48.87316" lon="-123.37133"><ele>5.8</ele><time>2024-03-25T02:05:53Z</time></trkpt>
      <trkpt lat="-48.87319" lon="-123.37131"><ele>5.8</ele><time>2024-03-25T02:05:54Z</time></trkpt>
      <trkpt lat="-48.87322" lon="-123.37129"><ele>5.8</ele><time>2024-03-25T02:05:55Z</time></trkpt>
      <trkpt lat="-48.87326" lon="-123.37128"><ele>5.8</ele><time>2024-03-25T02:05:56Z</time></trkpt>
      <trkpt lat="-48.87327" lon="-123.37128"><ele>5.9</ele><time>2024-03-25T02:05:57Z</time></trkpt>
      <trkpt lat="-48.87330" lon="-123.37129"><ele>5.9</ele><time>2024-03-25T02:05:58Z</time></trkpt>
      <trkpt lat="-48.87331" lon="-123.37130"><ele>5.9</ele><time>2024-03-25T02:05:59Z</time></trkpt>
      <trkpt lat="-48.87335" lon="-123.37132"><ele>5.9</ele><time>2024-03-25T02:06:00Z</time></trkpt>
      <trkpt lat="-48.87336" lon="-123.37134"><ele>5.9</ele><time>2024-03-25T02:06:01Z</time></trkpt>
      <trkpt lat="-48.87339" lon="-123.37137"><ele>5.9</ele><time>2024-03-25T02:06:02Z</time></trkpt>
      <trkpt lat="-48.87340" lon="-123.37140"><ele>5.9</ele><time>2024-03-25T02:06:03Z</time></trkpt>
      <trkpt lat="-48.87342" lon="-123.37145"><ele>5.9</ele><time>2024-03-25T02:06:04Z</time></trkpt>
      <trkpt lat="-48.87343" lon="-123.37147"><ele>6.0</ele><time>2024-03-25T02:06:05Z</time></trkpt>
      <trkpt lat="-48.87344" lon="-123.37152"><ele>6.0</ele><time>2024-03-25T02:06:06Z</time></trkpt>
      <trkpt lat="-48.87344" lon="-123.37155"><ele>6.0</ele><time>2024-03-25T02:06:07Z</time></trkpt>
      <trkpt lat="-48.87345" lon="-123.37160"><ele>6.0</ele><time>2024-03-25T02:06:08Z</time></trkpt>
      <trkpt lat="-48.87345" lon="-123.37162"><ele>6.0</ele><time>2024-03-25T02:06:09Z</time></trkpt>
      <trkpt lat="-48.87347" lon="-123.37167"><ele>6.0</ele><time>2024-03-25T02:06:10Z</time></trkpt>
      <trkpt lat="-48.87347" lon="-123.37168"><ele>6.0</ele><time>2024-03-25T02:06:11Z</time></trkpt>
      <trkpt lat="-48.87348" lon="-123.37174"><ele>6.0</ele><time>2024-03-25T02:06:12Z</time></trkpt>
      <trkpt lat="-48.87348" lon="-123.37175"><ele>6.0</ele><time>2024-03-25T02:06:13Z</time></trkpt>
      <trkpt lat="-48.87350" lon="-123.37181"><ele>6.1</ele><time>2024-03-25T02:06:14Z</time></trkpt>
      <trkpt lat="-48.87350" lon="-123.37183"><ele>6.1</ele><time>2024-03-25T02:06:15Z</time></trkpt>
      <trkpt lat="-48.87351" lon="-123.37188"><ele>6.1</ele><time>2024-03-25T02:06:16Z</time></trkpt>
      <trkpt lat="-48.87352" lon="-123.37190"><ele>6.1</ele><time>2024-03-25T02:06:17Z</time></trkpt>
      <trkpt lat="-48.87353" lon="-123.37194"><ele>6.1</ele><time>2024-03-25T02:06:18Z</time></trkpt>
      <trkpt lat="-48.87354" lon="-123.37196"><ele>6.1</ele><time>2024-03-25T02:06:19Z</time></trkpt>
      <trkpt lat="-48.87356" lon="-123.37201"><ele>6.1</ele><time>2024-03-25T02:06:20Z</time></trkpt>
      <trkpt lat="-48.87356" lon="-123.37203"><ele>6.1</ele><time>2024-03-25T02:06:21Z</time></trkpt>
      <trkpt lat="-48.87358" lon="-123.37208"><ele>6.1</ele><time>2024-03-25T02:06:22Z</time></trkpt>
      <trkpt lat="-48.87358" lon="-123.37210"><ele>6.1</ele><time>2024-03-25T02:06:23Z</time></trkpt>
      <trkpt lat="-48.87360" lon="-123.37215"><ele>6.1</ele><time>2024-03-25T02:06:24Z</time></trkpt>
      <trkpt lat="-48.87361" lon="-123.37217"><ele>6.2</ele><time>2024-03-25T02:06:25Z</time></trkpt>
      <trkpt lat="-48.87362" lon="-123.37221"><ele>6.2</ele><time>2024-03-25T02:06:26Z</time></trkpt>
      <trkpt lat="-48.87363" lon="-123.37223"><ele>6.2</ele><time>2024-03-25T02:06:27Z</time></trkpt>
      <trkpt lat="-48.87365" lon="-123.37227"><ele>6.2</ele><time>2024-03-25T02:06:28Z</time></trkpt>
      <trkpt lat="-48.87366" lon="-123.37231"><ele>6.2</ele><time>2024-03-25T02:06:29Z</time></trkpt>
      <trkpt lat="-48.87368" lon="-123.37235"><ele>6.1</ele><time>2024-03-25T02:06:30Z</time></trkpt>
      <trkpt lat="-48.87369" lon="-123.37238"><ele>6.1</ele><time>2024-03-25T02:06:31Z</time></trkpt>
      <trkpt lat="-48.87371" lon="-123.37244"><ele>6.1</ele><time>2024-03-25T02:06:32Z</time></trkpt>
      <trkpt lat="-48.87371" lon="-123.37246"><ele>6.1</ele><time>2024-03-25T02:06:33Z</time></trkpt>
      <trkpt lat="-48.87373" lon="-123.37250"><ele>6.1</ele><time>2024-03-25T02:06:34Z</time></trkpt>
      <trkpt lat="-48.87374" lon="-123.37253"><ele>6.1</ele><time>2024-03-25T02:06:35Z</time></trkpt>
      <trkpt lat="-48.87376" lon="-123.37257"><ele>6.0</ele><time>2024-03-25T02:06:36Z</time></trkpt>
      <trkpt lat="-48.87377" lon="-123.37261"><ele>6.0</ele><time>2024-03-25T02:06:37Z</time></trkpt>
      <trkpt lat="-48.87379" lon="-123.37265"><ele>6.0</ele><time>2024-03-25T02:06:38Z</time></trkpt>
      <trkpt lat="-48.87380" lon="-123.37267"><ele>6.0</ele><time>2024-03-25T02:06:39Z</time></trkpt>
      <trkpt lat="-48.87382" lon="-123.37271"><ele>5.9</ele><time>2024-03-25T02:06:40Z</time></trkpt>
      <trkpt lat="-48.87383" lon="-123.37272"><ele>5.9</ele><time>2024-03-25T02:06:41Z</time></trkpt>
      <trkpt lat="-48.87385" lon="-123.37276"><ele>5.9</ele><time>2024-03-25T02:06:42Z</time></trkpt>
      <trkpt lat="-48.87386" lon="-123.37277"><ele>5.9</ele><time>2024-03-25T02:06:43Z</time></trkpt>
      <trkpt lat="-48.87388" lon="-123.37280"><ele>5.9</ele><time>2024-03-25T02:06:44Z</time></trkpt>
      <trkpt lat="-48.87390" lon="-123.37284"><ele>5.8</ele><time>2024-03-25T02:06:45Z</time></trkpt>
      <trkpt lat="-48.87393" lon="-123.37288"><ele>5.8</ele><time>2024-03-25T02:06:46Z</time></trkpt>
      <trkpt lat="-48.87394" lon="-123.37291"><ele>5.8</ele><time>2024-03-25T02:06:47Z</time></trkpt>
      <trkpt lat="-48.87395" lon="-123.37294"><ele>5.8</ele><time>2024-03-25T02:06:48Z</time></trkpt>
      <trkpt lat="-48.87396" lon="-123.37296"><ele>5.7</ele><time>2024-03-25T02:06:49Z</time></trkpt>
      <trkpt lat="-48.87398" lon="-123.37301"><ele>5.7</ele><time>2024-03-25T02:06:50Z</time></trkpt>
      <trkpt lat="-48.87398" lon="-123.37303"><ele>5.7</ele><time>2024-03-25T02:06:51Z</time></trkpt>
      <trkpt lat="-48.87400" lon="-123.37308"><ele>5.7</ele><time>2024-03-25T02:06:52Z</time></trkpt>
      <trkpt lat="-48.87400" lon="-123.37309"><ele>5.7</ele><time>2024-03-25T02:06:53Z</time></trkpt>
      <trkpt lat="-48.87402" lon="-123.37314"><ele>5.7</ele><time>2024-03-25T02:06:54Z</time></trkpt>
      <trkpt lat="-48.87402" lon="-123.37316"><ele>5.7</ele><time>2024-03-25T02:06:55Z</time></trkpt>
      <trkpt lat="-48.87404" lon="-123.37320"><ele>5.7</ele><time>2024-03-25T02:06:56Z</time></trkpt>
      <trkpt lat="-48.87405" lon="-123.37321"><ele>5.7</ele><time>2024-03-25T02:06:57Z</time></trkpt>
      <trkpt lat="-48.87406" lon="-123.37326"><ele>5.7</ele><time>2024-03-25T02:06:58Z</time></trkpt>
      <trkpt lat="-48.87407" lon="-123.37328"><ele>5.7</ele><time>2024-03-25T02:06:59Z</time></trkpt>
      <trkpt lat="-48.87409" lon="-123.37333"><ele>5.7</ele><time>2024-03-25T02:07:00Z</time></trkpt>
      <trkpt lat="-48.87409" lon="-123.37335"><ele>5.8</ele><time>2024-03-25T02:07:01Z</time></trkpt>
      <trkpt lat="-48.87410" lon="-123.37340"><ele>5.8</ele><time>2024-03-25T02:07:02Z</time></trkpt>
      <trkpt lat="-48.87413" lon="-123.37350"><ele>5.8</ele><time>2024-03-25T02:07:04Z</time></trkpt>
      <trkpt lat="-48.87414" lon="-123.37353"><ele>5.8</ele><time>2024-03-25T02:07:05Z</time></trkpt>
      <trkpt lat="-48.87415" lon="-123.37357"><ele>5.8</ele><time>2024-03-25T02:07:06Z</time></trkpt>
      <trkpt lat="-48.87416" lon="-123.37362"><ele>5.9</ele><time>2024-03-25T02:07:07Z</time></trkpt>
      <trkpt lat="-48.87416" lon="-123.37364"><ele>5.9</ele><time>2024-03-25T02:07:08Z</time></trkpt>
      <trkpt lat="-48.87418" lon="-123.37374"><ele>5.9</ele><time>2024-03-25T02:07:10Z</time></trkpt>
      <trkpt lat="-48.87418" lon="-123.37376"><ele>5.9</ele><time>2024-03-25T02:07:11Z</time></trkpt>
      <trkpt lat="-48.87418" lon="-123.37381"><ele>6.0</ele><time>2024-03-25T02:07:12Z</time></trkpt>
      <trkpt lat="-48.87419" lon="-123.37386"><ele>6.0</ele><time>2024-03-25T02:07:13Z</time></trkpt>
      <trkpt lat="-48.87419" lon="-123.37389"><ele>6.0</ele><time>2024-03-25T02:07:14Z</time></trkpt>
      <trkpt lat="-48.87419" lon="-123.37394"><ele>6.1</ele><time>2024-03-25T02:07:15Z</time></trkpt>
      <trkpt lat="-48.87420" lon="-123.37396"><ele>6.1</ele><time>2024-03-25T02:07:16Z</time></trkpt>
      <trkpt lat="-48.87420" lon="-123.37401"><ele>6.1</ele><time>2024-03-25T02:07:17Z</time></trkpt>
      <trkpt lat="-48.87420" lon="-123.37403"><ele>6.1</ele><time>2024-03-25T02:07:18Z</time></trkpt>
      <trkpt lat="-48.87421" lon="-123.37407"><ele>6.2</ele><time>2024-03-25T02:07:19Z</time></trkpt>
      <trkpt lat="-48.87421" lon="-123.37409"><ele>6.1</ele><time>2024-03-25T02:07:20Z</time></trkpt>
      <trkpt lat="-48.87422" lon="-123.37411"><ele>6.1</ele><time>2024-03-25T02:07:21Z</time></trkpt>
      <trkpt lat="-48.87422" lon="-123.37414"><ele>6.1</ele><time>2024-03-25T02:07:22Z</time></trkpt>
      <trkpt lat="-48.87423" lon="-123.37418"><ele>6.1</ele><time>2024-03-25T02:07:23Z</time></trkpt>
      <trkpt lat="-48.87424" lon="-123.37420"><ele>6.0</ele><time>2024-03-25T02:07:24Z</time></trkpt>
      <trkpt lat="-48.87424" lon="-123.37422"><ele>6.0</ele><time>2024-03-25T02:07:25Z</time></trkpt>
      <trkpt lat="-48.87425" lon="-123.37425"><ele>6.0</ele><time>2024-03-25T02:07:26Z</time></trkpt>
      <trkpt lat="-48.87425" lon="-123.37427"><ele>6.0</ele><time>2024-03-25T02:07:27Z</time></trkpt>
      <trkpt lat="-48.87425" lon="-123.37429"><ele>6.0</ele><time>2024-03-25T02:07:28Z</time></trkpt>
      <trkpt lat="-48.87426" lon="-123.37432"><ele>6.0</ele><time>2024-03-25T02:07:29Z</time></trkpt>
      <trkpt lat="-48.87426" lon="-123.37434"><ele>6.0</ele><time>2024-03-25T02:07:30Z</time></trkpt>
      <trkpt lat="-48.87426" lon="-123.37435"><ele>6.0</ele><time>2024-03-25T02:07:31Z</time></trkpt>
      <trkpt lat="-48.87427" lon="-123.37436"><ele>6.0</ele><time>2024-03-25T02:07:32Z</time></trkpt>
      <trkpt lat="-48.87427" lon="-123.37438"><ele>6.0</ele><time>2024-03-25T02:07:33Z</time></trkpt>
      <trkpt lat="-48.87427" lon="-123.37440"><ele>5.9</ele><time>2024-03-25T02:07:34Z</time></trkpt>
      <trkpt lat="-48.87428" lon="-123.37443"><ele>5.9</ele><time>2024-03-25T02:07:35Z</time></trkpt>
      <trkpt lat="-48.87428" lon="-123.37444"><ele>5.9</ele><time>2024-03-25T02:07:36Z</time></trkpt>
      <trkpt lat="-48.87428" lon="-123.37446"><ele>5.9</ele><time>2024-03-25T02:07:37Z</time></trkpt>
      <trkpt lat="-48.87428" lon="-123.37448"><ele>5.9</ele><time>2024-03-25T02:07:38Z</time></trkpt>
      <trkpt lat="-48.87429" lon="-123.37450"><ele>5.9</ele><time>2024-03-25T02:07:39Z</time></trkpt>
      <trkpt lat="-48.87429" lon="-123.37453"><ele>5.9</ele><time>2024-03-25T02:07:40Z</time></trkpt>
      <trkpt lat="-48.87429" lon="-123.37455"><ele>5.9</ele><time>2024-03-25T02:07:41Z</time></trkpt>
      <trkpt lat="-48.87429" lon="-123.37458"><ele>5.9</ele><time>2024-03-25T02:07:42Z</time></trkpt>
      <trkpt lat="-48.87429" lon="-123.37459"><ele>5.9</ele><time>2024-03-25T02:07:43Z</time></trkpt>
      <trkpt lat="-48.87429" lon="-123.37460"><ele>5.9</ele><time>2024-03-25T02:07:44Z</time></trkpt>
      <trkpt lat="-48.87430" lon="-123.37462"><ele>5.9</ele><time>2024-03-25T02:07:45Z</time></trkpt>
      <trkpt lat="-48.87430" lon="-123.37465"><ele>5.9</ele><time>2024-03-25T02:07:46Z</time></trkpt>
      <trkpt lat="-48.87430" lon="-123.37466"><ele>5.9</ele><time>2024-03-25T02:07:47Z</time></trkpt>
      <trkpt lat="-48.87431" lon="-123.37468"><ele>5.9</ele><time>2024-03-25T02:07:48Z</time></trkpt>
      <trkpt lat="-48.87431" lon="-123.37470"><ele>5.9</ele><time>2024-03-25T02:07:49Z</time></trkpt>
      <trkpt lat="-48.87431" lon="-123.37473"><ele>5.9</ele><time>2024-03-25T02:07:50Z</time></trkpt>
      <trkpt lat="-48.87431" lon="-123.37474"><ele>5.9</ele><time>2024-03-25T02:07:51Z</time></trkpt>
      <trkpt lat="-48.87431" lon="-123.37475"><ele>5.9</ele><time>2024-03-25T02:07:52Z</time></trkpt>
      <trkpt lat="-48.87432" lon="-123.37478"><ele>5.8</ele><time>2024-03-25T02:07:53Z</time></trkpt>
      <trkpt lat="-48.87432" lon="-123.37480"><ele>5.8</ele><time>2024-03-25T02:07:54Z</time></trkpt>
      <trkpt lat="-48.87432" lon="-123.37482"><ele>5.8</ele><time>2024-03-25T02:07:55Z</time></trkpt>
      <trkpt lat="-48.87433" lon="-123.37488"><ele>5.8</ele><time>2024-03-25T02:07:57Z</time></trkpt>
      <trkpt lat="-48.87433" lon="-123.37492"><ele>5.8</ele><time>2024-03-25T02:07:58Z</time></trkpt>
      <trkpt lat="-48.87433" lon="-123.37495"><ele>5.8</ele><time>2024-03-25T02:07:59Z</time></trkpt>
      <trkpt lat="-48.87434" lon="-123.37497"><ele>5.8</ele><time>2024-03-25T02:08:00Z</time></trkpt>
      <trkpt lat="-48.87434" lon="-123.37500"><ele>5.8</ele><time>2024-03-25T02:08:01Z</time></trkpt>
      <trkpt lat="-48.87434" lon="-123.37501"><ele>5.8</ele><time>2024-03-25T02:08:02Z</time></trkpt>
      <trkpt lat="-48.87434" lon="-123.37502"><ele>5.8</ele><time>2024-03-25T02:08:03Z</time></trkpt>
      <trkpt lat="-48.87434" lon="-123.37504"><ele>5.8</ele><time>2024-03-25T02:08:04Z</time></trkpt>
      <trkpt lat="-48.87435" lon="-123.37506"><ele>5.7</ele><time>2024-03-25T02:08:05Z</time></trkpt>
      <trkpt lat="-48.87435" lon="-123.37508"><ele>5.7</ele><time>2024-03-25T02:08:07Z</time></trkpt>
      <trkpt lat="-48.87435" lon="-123.37510"><ele>5.7</ele><time>2024-03-25T02:08:08Z</time></trkpt>
      <trkpt lat="-48.87435" lon="-123.37512"><ele>5.7</ele><time>2024-03-25T02:08:09Z</time></trkpt>
      <trkpt lat="-48.87436" lon="-123.37515"><ele>5.7</ele><time>2024-03-25T02:08:10Z</time></trkpt>
      <trkpt lat="-48.87436" lon="-123.37517"><ele>5.7</ele><time>2024-03-25T02:08:11Z</time></trkpt>
      <trkpt lat="-48.87436" lon="-123.37518"><ele>5.7</ele><time>2024-03-25T02:08:12Z</time></trkpt>
      <trkpt lat="-48.87436" lon="-123.37521"><ele>5.7</ele><time>2024-03-25T02:08:13Z</time></trkpt>
      <trkpt lat="-48.87436" lon="-123.37522"><ele>5.7</ele><time>2024-03-25T02:08:14Z</time></trkpt>
      <trkpt lat="-48.87437" lon="-123.37524"><ele>5.7</ele><time>2024-03-25T02:08:15Z</time></trkpt>
      <trkpt lat="-48.87438" lon="-123.37528"><ele>5.7</ele><time>2024-03-25T02:08:16Z</time></trkpt>
      <trkpt lat="-48.87438" lon="-123.37530"><ele>5.6</ele><time>2024-03-25T02:08:17Z</time></trkpt>
      <trkpt lat="-48.87439" lon="-123.37533"><ele>5.6</ele><time>2024-03-25T02:08:18Z</time></trkpt>
      <trkpt lat="-48.87439" lon="-123.37534"><ele>5.6</ele><time>2024-03-25T02:08:19Z</time></trkpt>
      <trkpt lat="-48.87439" lon="-123.37535"><ele>5.6</ele><time>2024-03-25T02:08:20Z</time></trkpt>
      <trkpt lat="-48.87440" lon="-123.37538"><ele>5.6</ele><time>2024-03-25T02:08:21Z</time></trkpt>
      <trkpt lat="-48.87440" lon="-123.37539"><ele>5.6</ele><time>2024-03-25T02:08:22Z</time></trkpt>
      <trkpt lat="-48.87440" lon="-123.37541"><ele>5.6</ele><time>2024-03-25T02:08:23Z</time></trkpt>
      <trkpt lat="-48.87441" lon="-123.37544"><ele>5.6</ele><time>2024-03-25T02:08:24Z</time></trkpt>
      <trkpt lat="-48.87441" lon="-123.37545"><ele>5.6</ele><time>2024-03-25T02:08:25Z</time></trkpt>
      <trkpt lat="-48.87441" lon="-123.37546"><ele>5.6</ele><time>2024-03-25T02:08:26Z</time></trkpt>
      <trkpt lat="-48.87442" lon="-123.37549"><ele>5.6</ele><time>2024-03-25T02:08:27Z</time></trkpt>
      <trkpt lat="-48.87442" lon="-123.37551"><ele>5.6</ele><time>2024-03-25T02:08:28Z</time></trkpt>
      <trkpt lat="-48.87443" lon="-123.37555"><ele>5.5</ele><time>2024-03-25T02:08:29Z</time></trkpt>
      <trkpt lat="-48.87443" lon="-123.37557"><ele>5.5</ele><time>2024-03-25T02:08:30Z</time></trkpt>
      <trkpt lat="-48.87444" lon="-123.37561"><ele>5.5</ele><time>2024-03-25T02:08:31Z</time></trkpt>
      <trkpt lat="-48.87445" lon="-123.37562"><ele>5.5</ele><time>2024-03-25T02:08:32Z</time></trkpt>
      <trkpt lat="-48.87446" lon="-123.37567"><ele>5.5</ele><time>2024-03-25T02:08:33Z</time></trkpt>
      <trkpt lat="-48.87446" lon="-123.37568"><ele>5.5</ele><time>2024-03-25T02:08:34Z</time></trkpt>
      <trkpt lat="-48.87447" lon="-123.37570"><ele>5.5</ele><time>2024-03-25T02:08:35Z</time></trkpt>
      <trkpt lat="-48.87448" lon="-123.37573"><ele>5.5</ele><time>2024-03-25T02:08:36Z</time></trkpt>
      <trkpt lat="-48.87448" lon="-123.37575"><ele>5.5</ele><time>2024-03-25T02:08:37Z</time></trkpt>
      <trkpt lat="-48.87449" lon="-123.37577"><ele>5.5</ele><time>2024-03-25T02:08:38Z</time></trkpt>
      <trkpt lat="-48.87450" lon="-123.37579"><ele>5.5</ele><time>2024-03-25T02:08:39Z</time></trkpt>
      <trkpt lat="-48.87450" lon="-123.37581"><ele>5.5</ele><time>2024-03-25T02:08:40Z</time></trkpt>
      <trkpt lat="-48.87450" lon="-123.37582"><ele>5.5</ele><time>2024-03-25T02:08:41Z</time></trkpt>
      <trkpt lat="-48.87451" lon="-123.37585"><ele>5.5</ele><time>2024-03-25T02:08:42Z</time></trkpt>
      <trkpt lat="-48.87452" lon="-123.37587"><ele>5.5</ele><time>2024-03-25T02:08:44Z</time></trkpt>
      <trkpt lat="-48.87452" lon="-123.37589"><ele>5.5</ele><time>2024-03-25T02:08:45Z</time></trkpt>
      <trkpt lat="-48.87453" lon="-123.37590"><ele>5.5</ele><time>2024-03-25T02:08:46Z</time></trkpt>
      <trkpt lat="-48.87453" lon="-123.37592"><ele>5.5</ele><time>2024-03-25T02:08:47Z</time></trkpt>
      <trkpt lat="-48.87454" lon="-123.37595"><ele>5.5</ele><time>2024-03-25T02:08:48Z</time></trkpt>
      <trkpt lat="-48.87455" lon="-123.37600"><ele>5.6</ele><time>2024-03-25T02:08:50Z</time></trkpt>
      <trkpt lat="-48.87455" lon="-123.37602"><ele>5.6</ele><time>2024-03-25T02:08:51Z</time></trkpt>
      <trkpt lat="-48.87456" lon="-123.37604"><ele>5.6</ele><time>2024-03-25T02:08:52Z</time></trkpt>
      <trkpt lat="-48.87456" lon="-123.37606"><ele>5.6</ele><time>2024-03-25T02:08:53Z</time></trkpt>
      <trkpt lat="-48.87456" lon="-123.37608"><ele>5.6</ele><time>2024-03-25T02:08:54Z</time></trkpt>
      <trkpt lat="-48.87457" lon="-123.37610"><ele>5.6</ele><time>2024-03-25T02:08:55Z</time></trkpt>
      <trkpt lat="-48.87457" lon="-123.37612"><ele>5.6</ele><time>2024-03-25T02:08:56Z</time></trkpt>
      <trkpt lat="-48.87458" lon="-123.37613"><ele>5.6</ele><time>2024-03-25T02:08:57Z</time></trkpt>
      <trkpt lat="-48.87458" lon="-123.37615"><ele>5.6</ele><time>2024-03-25T02:08:58Z</time></trkpt>
      <trkpt lat="-48.87459" lon="-123.37617"><ele>5.6</ele><time>2024-03-25T02:08:59Z</time></trkpt>
      <trkpt lat="-48.87459" lon="-123.37618"><ele>5.6</ele><time>2024-03-25T02:09:00Z</time></trkpt>
      <trkpt lat="-48.87460" lon="-123.37620"><ele>5.6</ele><time>2024-03-25T02:09:01Z</time></trkpt>
      <trkpt lat="-48.87461" lon="-123.37623"><ele>5.6</ele><time>2024-03-25T02:09:02Z</time></trkpt>
      <trkpt lat="-48.87461" lon="-123.37624"><ele>5.7</ele><time>2024-03-25T02:09:03Z</time></trkpt>
      <trkpt lat="-48.87461" lon="-123.37625"><ele>5.7</ele><time>2024-03-25T02:09:04Z</time></trkpt>
      <trkpt lat="-48.87463" lon="-123.37632"><ele>5.7</ele><time>2024-03-25T02:09:06Z</time></trkpt>
      <trkpt lat="-48.87463" lon="-123.37637"><ele>5.7</ele><time>2024-03-25T02:09:07Z</time></trkpt>
      <trkpt lat="-48.87464" lon="-123.37638"><ele>5.7</ele><time>2024-03-25T02:09:08Z</time></trkpt>
      <trkpt lat="-48.87464" lon="-123.37640"><ele>5.7</ele><time>2024-03-25T02:09:09Z</time></trkpt>
      <trkpt lat="-48.87464" lon="-123.37641"><ele>5.7</ele><time>2024-03-25T02:09:10Z</time></trkpt>
      <trkpt lat="-48.87465" lon="-123.37642"><ele>5.7</ele><time>2024-03-25T02:09:11Z</time></trkpt>
      <trkpt lat="-48.87465" lon="-123.37643"><ele>5.7</ele><time>2024-03-25T02:09:12Z</time></trkpt>
      <trkpt lat="-48.87465" lon="-123.37645"><ele>5.7</ele><time>2024-03-25T02:09:13Z</time></trkpt>
      <trkpt lat="-48.87465" lon="-123.37646"><ele>5.7</ele><time>2024-03-25T02:09:14Z</time></trkpt>
      <trkpt lat="-48.87466" lon="-123.37649"><ele>5.6</ele><time>2024-03-25T02:09:15Z</time></trkpt>
      <trkpt lat="-48.87466" lon="-123.37651"><ele>5.6</ele><time>2024-03-25T02:09:16Z</time></trkpt>
      <trkpt lat="-48.87467" lon="-123.37655"><ele>5.6</ele><time>2024-03-25T02:09:17Z</time></trkpt>
      <trkpt lat="-48.87467" lon="-123.37656"><ele>5.6</ele><time>2024-03-25T02:09:18Z</time></trkpt>
      <trkpt lat="-48.87467" lon="-123.37658"><ele>5.6</ele><time>2024-03-25T02:09:19Z</time></trkpt>
      <trkpt lat="-48.87468" lon="-123.37660"><ele>5.6</ele><time>2024-03-25T02:09:20Z</time></trkpt>
      <trkpt lat="-48.87468" lon="-123.37662"><ele>5.6</ele><time>2024-03-25T02:09:21Z</time></trkpt>
      <trkpt lat="-48.87469" lon="-123.37665"><ele>5.6</ele><time>2024-03-25T02:09:22Z</time></trkpt>
      <trkpt lat="-48.87469" lon="-123.37666"><ele>5.6</ele><time>2024-03-25T02:09:23Z</time></trkpt>
      <trkpt lat="-48.87470" lon="-123.37667"><ele>5.6</ele><time>2024-03-25T02:09:24Z</time></trkpt>
      <trkpt lat="-48.87470" lon="-123.37669"><ele>5.6</ele><time>2024-03-25T02:09:25Z</time></trkpt>
      <trkpt lat="-48.87470" lon="-123.37671"><ele>5.6</ele><time>2024-03-25T02:09:26Z</time></trkpt>
      <trkpt lat="-48.87470" lon="-123.37672"><ele>5.6</ele><time>2024-03-25T02:09:27Z</time></trkpt>
      <trkpt lat="-48.87471" lon="-123.37674"><ele>5.6</ele><time>2024-03-25T02:09:28Z</time></trkpt>
      <trkpt lat="-48.87471" lon="-123.37676"><ele>5.5</ele><time>2024-03-25T02:09:29Z</time></trkpt>
      <trkpt lat="-48.87472" lon="-123.37677"><ele>5.5</ele><time>2024-03-25T02:09:30Z</time></trkpt>
      <trkpt lat="-48.87472" lon="-123.37679"><ele>5.5</ele><time>2024-03-25T02:09:31Z</time></trkpt>
      <trkpt lat="-48.87474" lon="-123.37684"><ele>5.5</ele><time>2024-03-25T02:09:33Z</time></trkpt>
      <trkpt lat="-48.87474" lon="-123.37686"><ele>5.5</ele><time>2024-03-25T02:09:34Z</time></trkpt>
      <trkpt lat="-48.87475" lon="-123.37689"><ele>5.5</ele><time>2024-03-25T02:09:35Z</time></trkpt>
      <trkpt lat="-48.87476" lon="-123.37690"><ele>5.5</ele><time>2024-03-25T02:09:36Z</time></trkpt>
      <trkpt lat="-48.87476" lon="-123.37691"><ele>5.5</ele><time>2024-03-25T02:09:37Z</time></trkpt>
      <trkpt lat="-48.87476" lon="-123.37693"><ele>5.5</ele><time>2024-03-25T02:09:38Z</time></trkpt>
      <trkpt lat="-48.87477" lon="-123.37694"><ele>5.4</ele><time>2024-03-25T02:09:39Z</time></trkpt>
      <trkpt lat="-48.87477" lon="-123.37696"><ele>5.4</ele><time>2024-03-25T02:09:40Z</time></trkpt>
      <trkpt lat="-48.87479" lon="-123.37699"><ele>5.4</ele><time>2024-03-25T02:09:41Z</time></trkpt>
      <trkpt lat="-48.87479" lon="-123.37700"><ele>5.4</ele><time>2024-03-25T02:09:42Z</time></trkpt>
      <trkpt lat="-48.87482" lon="-123.37706"><ele>5.3</ele><time>2024-03-25T02:09:43Z</time></trkpt>
      <trkpt lat="-48.87483" lon="-123.37708"><ele>5.3</ele><time>2024-03-25T02:09:44Z</time></trkpt>
      <trkpt lat="-48.87485" lon="-123.37711"><ele>5.3</ele><time>2024-03-25T02:09:45Z</time></trkpt>
      <trkpt lat="-48.87486" lon="-123.37715"><ele>5.3</ele><time>2024-03-25T02:09:46Z</time></trkpt>
      <trkpt lat="-48.87488" lon="-123.37719"><ele>5.5</ele><time>2024-03-25T02:09:47Z</time></trkpt>
      <trkpt lat="-48.87490" lon="-123.37725"><ele>5.6</ele><time>2024-03-25T02:09:48Z</time></trkpt>
      <trkpt lat="-48.87490" lon="-123.37727"><ele>5.5</ele><time>2024-03-25T02:09:49Z</time></trkpt>
      <trkpt lat="-48.87491" lon="-123.37731"><ele>5.4</ele><time>2024-03-25T02:09:50Z</time></trkpt>
      <trkpt lat="-48.87492" lon="-123.37736"><ele>5.4</ele><time>2024-03-25T02:09:51Z</time></trkpt>
      <trkpt lat="-48.87493" lon="-123.37741"><ele>5.4</ele><time>2024-03-25T02:09:52Z</time></trkpt>
      <trkpt lat="-48.87493" lon="-123.37747"><ele>5.3</ele><time>2024-03-25T02:09:53Z</time></trkpt>
      <trkpt lat="-48.87494" lon="-123.37752"><ele>5.3</ele><time>2024-03-25T02:09:54Z</time></trkpt>
      <trkpt lat="-48.87494" lon="-123.37758"><ele>5.3</ele><time>2024-03-25T02:09:55Z</time></trkpt>
      <trkpt lat="-48.87495" lon="-123.37763"><ele>5.3</ele><time>2024-03-25T02:09:56Z</time></trkpt>
      <trkpt lat="-48.87496" lon="-123.37768"><ele>5.3</ele><time>2024-03-25T02:09:57Z</time></trkpt>
      <trkpt lat="-48.87496" lon="-123.37774"><ele>5.3</ele><time>2024-03-25T02:09:58Z</time></trkpt>
      <trkpt lat="-48.87497" lon="-123.37780"><ele>5.3</ele><time>2024-03-25T02:09:59Z</time></trkpt>
      <trkpt lat="-48.87498" lon="-123.37784"><ele>5.3</ele><time>2024-03-25T02:10:00Z</time></trkpt>
      <trkpt lat="-48.87499" lon="-123.37790"><ele>5.3</ele><time>2024-03-25T02:10:01Z</time></trkpt>
      <trkpt lat="-48.87501" lon="-123.37796"><ele>5.3</ele><time>2024-03-25T02:10:02Z</time></trkpt>
      <trkpt lat="-48.87501" lon="-123.37801"><ele>5.3</ele><time>2024-03-25T02:10:03Z</time></trkpt>
      <trkpt lat="-48.87502" lon="-123.37807"><ele>5.3</ele><time>2024-03-25T02:10:04Z</time></trkpt>
      <trkpt lat="-48.87503" lon="-123.37811"><ele>5.3</ele><time>2024-03-25T02:10:05Z</time></trkpt>
      <trkpt lat="-48.87503" lon="-123.37815"><ele>5.3</ele><time>2024-03-25T02:10:06Z</time></trkpt>
      <trkpt lat="-48.87504" lon="-123.37821"><ele>5.3</ele><time>2024-03-25T02:10:07Z</time></trkpt>
      <trkpt lat="-48.87505" lon="-123.37823"><ele>5.3</ele><time>2024-03-25T02:10:08Z</time></trkpt>
      <trkpt lat="-48.87506" lon="-123.37828"><ele>5.3</ele><time>2024-03-25T02:10:09Z</time></trkpt>
      <trkpt lat="-48.87507" lon="-123.37833"><ele>5.3</ele><time>2024-03-25T02:10:10Z</time></trkpt>
      <trkpt lat="-48.87507" lon="-123.37834"><ele>5.3</ele><time>2024-03-25T02:10:11Z</time></trkpt>
      <trkpt lat="-48.87508" lon="-123.37840"><ele>5.3</ele><time>2024-03-25T02:10:12Z</time></trkpt>
      <trkpt lat="-48.87509" lon="-123.37842"><ele>5.3</ele><time>2024-03-25T02:10:13Z</time></trkpt>
      <trkpt lat="-48.87510" lon="-123.37847"><ele>5.3</ele><time>2024-03-25T02:10:14Z</time></trkpt>
      <trkpt lat="-48.87510" lon="-123.37850"><ele>5.3</ele><time>2024-03-25T02:10:15Z</time></trkpt>
      <trkpt lat="-48.87512" lon="-123.37853"><ele>5.3</ele><time>2024-03-25T02:10:16Z</time></trkpt>
      <trkpt lat="-48.87513" lon="-123.37858"><ele>5.3</ele><time>2024-03-25T02:10:17Z</time></trkpt>
      <trkpt lat="-48.87514" lon="-123.37862"><ele>5.3</ele><time>2024-03-25T02:10:18Z</time></trkpt>
      <trkpt lat="-48.87515" lon="-123.37866"><ele>5.3</ele><time>2024-03-25T02:10:19Z</time></trkpt>
      <trkpt lat="-48.87517" lon="-123.37872"><ele>5.3</ele><time>2024-03-25T02:10:21Z</time></trkpt>
      <trkpt lat="-48.87520" lon="-123.37878"><ele>5.3</ele><time>2024-03-25T02:10:23Z</time></trkpt>
      <trkpt lat="-48.87522" lon="-123.37886"><ele>5.4</ele><time>2024-03-25T02:10:25Z</time></trkpt>
      <trkpt lat="-48.87523" lon="-123.37890"><ele>5.4</ele><time>2024-03-25T02:10:26Z</time></trkpt>
      <trkpt lat="-48.87523" lon="-123.37895"><ele>5.5</ele><time>2024-03-25T02:10:27Z</time></trkpt>
      <trkpt lat="-48.87524" lon="-123.37899"><ele>5.5</ele><time>2024-03-25T02:10:28Z</time></trkpt>
      <trkpt lat="-48.87525" lon="-123.37903"><ele>5.5</ele><time>2024-03-25T02:10:29Z</time></trkpt>
      <trkpt lat="-48.87526" lon="-123.37907"><ele>5.5</ele><time>2024-03-25T02:10:30Z</time></trkpt>
      <trkpt lat="-48.87527" lon="-123.37912"><ele>5.6</ele><time>2024-03-25T02:10:31Z</time></trkpt>
      <trkpt lat="-48.87527" lon="-123.37914"><ele>5.6</ele><time>2024-03-25T02:10:32Z</time></trkpt>
      <trkpt lat="-48.87529" lon="-123.37920"><ele>5.6</ele><time>2024-03-25T02:10:33Z</time></trkpt>
      <trkpt lat="-48.87529" lon="-123.37922"><ele>5.6</ele><time>2024-03-25T02:10:34Z</time></trkpt>
      <trkpt lat="-48.87530" lon="-123.37926"><ele>5.6</ele><time>2024-03-25T02:10:35Z</time></trkpt>
      <trkpt lat="-48.87531" lon="-123.37930"><ele>5.6</ele><time>2024-03-25T02:10:36Z</time></trkpt>
      <trkpt lat="-48.87533" lon="-123.37934"><ele>5.6</ele><time>2024-03-25T02:10:37Z</time></trkpt>
      <trkpt lat="-48.87535" lon="-123.37938"><ele>5.6</ele><time>2024-03-25T02:10:38Z</time></trkpt>
      <trkpt lat="-48.87536" lon="-123.37943"><ele>5.6</ele><time>2024-03-25T02:10:39Z</time></trkpt>
      <trkpt lat="-48.87537" lon="-123.37945"><ele>5.6</ele><time>2024-03-25T02:10:40Z</time></trkpt>
      <trkpt lat="-48.87539" lon="-123.37950"><ele>5.6</ele><time>2024-03-25T02:10:41Z</time></trkpt>
      <trkpt lat="-48.87539" lon="-123.37952"><ele>5.6</ele><time>2024-03-25T02:10:42Z</time></trkpt>
      <trkpt lat="-48.87540" lon="-123.37955"><ele>5.6</ele><time>2024-03-25T02:10:43Z</time></trkpt>
      <trkpt lat="-48.87541" lon="-123.37957"><ele>5.6</ele><time>2024-03-25T02:10:44Z</time></trkpt>
      <trkpt lat="-48.87542" lon="-123.37961"><ele>5.6</ele><time>2024-03-25T02:10:45Z</time></trkpt>
      <trkpt lat="-48.87543" lon="-123.37965"><ele>5.6</ele><time>2024-03-25T02:10:46Z</time></trkpt>
      <trkpt lat="-48.87544" lon="-123.37967"><ele>5.6</ele><time>2024-03-25T02:10:47Z</time></trkpt>
      <trkpt lat="-48.87545" lon="-123.37969"><ele>5.7</ele><time>2024-03-25T02:10:48Z</time></trkpt>
      <trkpt lat="-48.87546" lon="-123.37972"><ele>5.7</ele><time>2024-03-25T02:10:49Z</time></trkpt>
      <trkpt lat="-48.87546" lon="-123.37974"><ele>5.7</ele><time>2024-03-25T02:10:50Z</time></trkpt>
      <trkpt lat="-48.87547" lon="-123.37975"><ele>5.7</ele><time>2024-03-25T02:10:51Z</time></trkpt>
      <trkpt lat="-48.87548" lon="-123.37977"><ele>5.7</ele><time>2024-03-25T02:10:52Z</time></trkpt>
      <trkpt lat="-48.87549" lon="-123.37979"><ele>5.7</ele><time>2024-03-25T02:10:53Z</time></trkpt>
      <trkpt lat="-48.87550" lon="-123.37981"><ele>5.7</ele><time>2024-03-25T02:10:55Z</time></trkpt>
      <trkpt lat="-48.87550" lon="-123.37982"><ele>5.7</ele><time>2024-03-25T02:10:56Z</time></trkpt>
      <trkpt lat="-48.87550" lon="-123.37983"><ele>5.7</ele><time>2024-03-25T02:10:57Z</time></trkpt>
      <trkpt lat="-48.87551" lon="-123.37985"><ele>5.8</ele><time>2024-03-25T02:10:58Z</time></trkpt>
      <trkpt lat="-48.87552" lon="-123.37986"><ele>5.8</ele><time>2024-03-25T02:10:59Z</time></trkpt>
      <trkpt lat="-48.87552" lon="-123.37988"><ele>5.8</ele><time>2024-03-25T02:11:00Z</time></trkpt>
      <trkpt lat="-48.87553" lon="-123.37991"><ele>5.8</ele><time>2024-03-25T02:11:01Z</time></trkpt>
      <trkpt lat="-48.87554" lon="-123.37993"><ele>5.8</ele><time>2024-03-25T02:11:02Z</time></trkpt>
      <trkpt lat="-48.87555" lon="-123.37994"><ele>5.8</ele><time>2024-03-25T02:11:03Z</time></trkpt>
      <trkpt lat="-48.87555" lon="-123.37996"><ele>5.8</ele><time>2024-03-25T02:11:04Z</time></trkpt>
      <trkpt lat="-48.87556" lon="-123.37998"><ele>5.8</ele><time>2024-03-25T02:11:05Z</time></trkpt>
      <trkpt lat="-48.87557" lon="-123.38000"><ele>5.8</ele><time>2024-03-25T02:11:06Z</time></trkpt>
      <trkpt lat="-48.87557" lon="-123.38001"><ele>5.8</ele><time>2024-03-25T02:11:07Z</time></trkpt>
      <trkpt lat="-48.87558" lon="-123.38002"><ele>5.8</ele><time>2024-03-25T02:11:08Z</time></trkpt>
      <trkpt lat="-48.87559" lon="-123.38004"><ele>5.8</ele><time>2024-03-25T02:11:09Z</time></trkpt>
      <trkpt lat="-48.87559" lon="-123.38005"><ele>5.8</ele><time>2024-03-25T02:11:10Z</time></trkpt>
      <trkpt lat="-48.87561" lon="-123.38008"><ele>5.8</ele><time>2024-03-25T02:11:12Z</time></trkpt>
      <trkpt lat="-48.87561" lon="-123.38010"><ele>5.8</ele><time>2024-03-25T02:11:13Z</time></trkpt>
      <trkpt lat="-48.87562" lon="-123.38011"><ele>5.8</ele><time>2024-03-25T02:11:14Z</time></trkpt>
      <trkpt lat="-48.87562" lon="-123.38013"><ele>5.8</ele><time>2024-03-25T02:11:15Z</time></trkpt>
      <trkpt lat="-48.87563" lon="-123.38014"><ele>5.8</ele><time>2024-03-25T02:11:16Z</time></trkpt>
      <trkpt lat="-48.87564" lon="-123.38016"><ele>5.8</ele><time>2024-03-25T02:11:17Z</time></trkpt>
      <trkpt lat="-48.87564" lon="-123.38017"><ele>5.8</ele><time>2024-03-25T02:11:18Z</time></trkpt>
      <trkpt lat="-48.87565" lon="-123.38019"><ele>5.8</ele><time>2024-03-25T02:11:19Z</time></trkpt>
      <trkpt lat="-48.87566" lon="-123.38021"><ele>5.8</ele><time>2024-03-25T02:11:20Z</time></trkpt>
      <trkpt lat="-48.87566" lon="-123.38023"><ele>5.8</ele><time>2024-03-25T02:11:21Z</time></trkpt>
      <trkpt lat="-48.87567" lon="-123.38025"><ele>5.8</ele><time>2024-03-25T02:11:22Z</time></trkpt>
      <trkpt lat="-48.87568" lon="-123.38027"><ele>5.8</ele><time>2024-03-25T02:11:23Z</time></trkpt>
      <trkpt lat="-48.87569" lon="-123.38030"><ele>5.8</ele><time>2024-03-25T02:11:24Z</time></trkpt>
      <trkpt lat="-48.87569" lon="-123.38031"><ele>5.8</ele><time>2024-03-25T02:11:25Z</time></trkpt>
      <trkpt lat="-48.87570" lon="-123.38032"><ele>5.8</ele><time>2024-03-25T02:11:26Z</time></trkpt>
      <trkpt lat="-48.87571" lon="-123.38033"><ele>5.8</ele><time>2024-03-25T02:11:27Z</time></trkpt>
      <trkpt lat="-48.87571" lon="-123.38035"><ele>5.8</ele><time>2024-03-25T02:11:28Z</time></trkpt>
      <trkpt lat="-48.87572" lon="-123.38036"><ele>5.8</ele><time>2024-03-25T02:11:29Z</time></trkpt>
      <trkpt lat="-48.87572" lon="-123.38038"><ele>5.8</ele><time>2024-03-25T02:11:30Z</time></trkpt>
      <trkpt lat="-48.87573" lon="-123.38040"><ele>5.8</ele><time>2024-03-25T02:11:31Z</time></trkpt>
      <trkpt lat="-48.87574" lon="-123.38043"><ele>5.8</ele><time>2024-03-25T02:11:33Z</time></trkpt>
      <trkpt lat="-48.87575" lon="-123.38044"><ele>5.8</ele><time>2024-03-25T02:11:34Z</time></trkpt>
      <trkpt lat="-48.87576" lon="-123.38048"><ele>5.8</ele><time>2024-03-25T02:11:35Z</time></trkpt>
      <trkpt lat="-48.87576" lon="-123.38049"><ele>5.8</ele><time>2024-03-25T02:11:36Z</time></trkpt>
      <trkpt lat="-48.87577" lon="-123.38050"><ele>5.8</ele><time>2024-03-25T02:11:37Z</time></trkpt>
      <trkpt lat="-48.87577" lon="-123.38051"><ele>5.8</ele><time>2024-03-25T02:11:38Z</time></trkpt>
      <trkpt lat="-48.87577" lon="-123.38053"><ele>5.8</ele><time>2024-03-25T02:11:39Z</time></trkpt>
      <trkpt lat="-48.87578" lon="-123.38055"><ele>5.8</ele><time>2024-03-25T02:11:40Z</time></trkpt>
      <trkpt lat="-48.87578" lon="-123.38057"><ele>5.8</ele><time>2024-03-25T02:11:41Z</time></trkpt>
      <trkpt lat="-48.87579" lon="-123.38059"><ele>5.8</ele><time>2024-03-25T02:11:42Z</time></trkpt>
      <trkpt lat="-48.87579" lon="-123.38062"><ele>5.8</ele><time>2024-03-25T02:11:43Z</time></trkpt>
      <trkpt lat="-48.87580" lon="-123.38063"><ele>5.8</ele><time>2024-03-25T02:11:44Z</time></trkpt>
      <trkpt lat="-48.87580" lon="-123.38064"><ele>5.7</ele><time>2024-03-25T02:11:45Z</time></trkpt>
      <trkpt lat="-48.87582" lon="-123.38070"><ele>5.7</ele><time>2024-03-25T02:11:47Z</time></trkpt>
      <trkpt lat="-48.87582" lon="-123.38071"><ele>5.7</ele><time>2024-03-25T02:11:48Z</time></trkpt>
      <trkpt lat="-48.87582" lon="-123.38072"><ele>5.7</ele><time>2024-03-25T02:11:49Z</time></trkpt>
      <trkpt lat="-48.87582" lon="-123.38074"><ele>5.7</ele><time>2024-03-25T02:11:50Z</time></trkpt>
      <trkpt lat="-48.87583" lon="-123.38075"><ele>5.7</ele><time>2024-03-25T02:11:51Z</time></trkpt>
      <trkpt lat="-48.87583" lon="-123.38077"><ele>5.7</ele><time>2024-03-25T02:11:52Z</time></trkpt>
      <trkpt lat="-48.87583" lon="-123.38079"><ele>5.7</ele><time>2024-03-25T02:11:53Z</time></trkpt>
      <trkpt lat="-48.87584" lon="-123.38081"><ele>5.7</ele><time>2024-03-25T02:11:54Z</time></trkpt>
      <trkpt lat="-48.87584" lon="-123.38082"><ele>5.6</ele><time>2024-03-25T02:11:55Z</time></trkpt>
      <trkpt lat="-48.87584" lon="-123.38084"><ele>5.6</ele><time>2024-03-25T02:11:56Z</time></trkpt>
      <trkpt lat="-48.87585" lon="-123.38085"><ele>5.6</ele><time>2024-03-25T02:11:57Z</time></trkpt>
      <trkpt lat="-48.87585" lon="-123.38087"><ele>5.6</ele><time>2024-03-25T02:11:58Z</time></trkpt>
      <trkpt lat="-48.87585" lon="-123.38088"><ele>5.6</ele><time>2024-03-25T02:11:59Z</time></trkpt>
      <trkpt lat="-48.87586" lon="-123.38090"><ele>5.6</ele><time>2024-03-25T02:12:00Z</time></trkpt>
      <trkpt lat="-48.87586" lon="-123.38093"><ele>5.6</ele><time>2024-03-25T02:12:01Z</time></trkpt>
      <trkpt lat="-48.87586" lon="-123.38095"><ele>5.6</ele><time>2024-03-25T02:12:02Z</time></trkpt>
      <trkpt lat="-48.87587" lon="-123.38096"><ele>5.6</ele><time>2024-03-25T02:12:03Z</time></trkpt>
      <trkpt lat="-48.87587" lon="-123.38099"><ele>5.6</ele><time>2024-03-25T02:12:04Z</time></trkpt>
      <trkpt lat="-48.87587" lon="-123.38101"><ele>5.5</ele><time>2024-03-25T02:12:05Z</time></trkpt>
      <trkpt lat="-48.87588" lon="-123.38102"><ele>5.5</ele><time>2024-03-25T02:12:06Z</time></trkpt>
      <trkpt lat="-48.87588" lon="-123.38105"><ele>5.5</ele><time>2024-03-25T02:12:07Z</time></trkpt>
      <trkpt lat="-48.87588" lon="-123.38106"><ele>5.5</ele><time>2024-03-25T02:12:08Z</time></trkpt>
      <trkpt lat="-48.87589" lon="-123.38107"><ele>5.5</ele><time>2024-03-25T02:12:09Z</time></trkpt>
      <trkpt lat="-48.87589" lon="-123.38109"><ele>5.5</ele><time>2024-03-25T02:12:10Z</time></trkpt>
      <trkpt lat="-48.87589" lon="-123.38111"><ele>5.5</ele><time>2024-03-25T02:12:11Z</time></trkpt>
      <trkpt lat="-48.87589" lon="-123.38112"><ele>5.5</ele><time>2024-03-25T02:12:12Z</time></trkpt>
      <trkpt lat="-48.87590" lon="-123.38115"><ele>5.5</ele><time>2024-03-25T02:12:13Z</time></trkpt>
      <trkpt lat="-48.87590" lon="-123.38116"><ele>5.5</ele><time>2024-03-25T02:12:14Z</time></trkpt>
      <trkpt lat="-48.87590" lon="-123.38118"><ele>5.5</ele><time>2024-03-25T02:12:15Z</time></trkpt>
      <trkpt lat="-48.87591" lon="-123.38121"><ele>5.6</ele><time>2024-03-25T02:12:16Z</time></trkpt>
      <trkpt lat="-48.87591" lon="-123.38122"><ele>5.6</ele><time>2024-03-25T02:12:17Z</time></trkpt>
      <trkpt lat="-48.87592" lon="-123.38123"><ele>5.6</ele><time>2024-03-25T02:12:18Z</time></trkpt>
      <trkpt lat="-48.87592" lon="-123.38126"><ele>5.6</ele><time>2024-03-25T02:12:19Z</time></trkpt>
      <trkpt lat="-48.87593" lon="-123.38127"><ele>5.6</ele><time>2024-03-25T02:12:20Z</time></trkpt>
      <trkpt lat="-48.87593" lon="-123.38129"><ele>5.6</ele><time>2024-03-25T02:12:21Z</time></trkpt>
      <trkpt lat="-48.87593" lon="-123.38132"><ele>5.6</ele><time>2024-03-25T02:12:22Z</time></trkpt>
      <trkpt lat="-48.87594" lon="-123.38133"><ele>5.6</ele><time>2024-03-25T02:12:23Z</time></trkpt>
      <trkpt lat="-48.87594" lon="-123.38134"><ele>5.6</ele><time>2024-03-25T02:12:24Z</time></trkpt>
      <trkpt lat="-48.87595" lon="-123.38136"><ele>5.6</ele><time>2024-03-25T02:12:25Z</time></trkpt>
      <trkpt lat="-48.87595" lon="-123.38138"><ele>5.7</ele><time>2024-03-25T02:12:26Z</time></trkpt>
      <trkpt lat="-48.87596" lon="-123.38142"><ele>5.7</ele><time>2024-03-25T02:12:28Z</time></trkpt>
      <trkpt lat="-48.87596" lon="-123.38144"><ele>5.7</ele><time>2024-03-25T02:12:29Z</time></trkpt>
      <trkpt lat="-48.87597" lon="-123.38148"><ele>5.7</ele><time>2024-03-25T02:12:31Z</time></trkpt>
      <trkpt lat="-48.87597" lon="-123.38150"><ele>5.7</ele><time>2024-03-25T02:12:32Z</time></trkpt>
      <trkpt lat="-48.87598" lon="-123.38155"><ele>5.8</ele><time>2024-03-25T02:12:33Z</time></trkpt>
      <trkpt lat="-48.87598" lon="-123.38156"><ele>5.8</ele><time>2024-03-25T02:12:34Z</time></trkpt>
      <trkpt lat="-48.87599" lon="-123.38159"><ele>5.8</ele><time>2024-03-25T02:12:35Z</time></trkpt>
      <trkpt lat="-48.87599" lon="-123.38160"><ele>5.8</ele><time>2024-03-25T02:12:36Z</time></trkpt>
      <trkpt lat="-48.87599" lon="-123.38161"><ele>5.8</ele><time>2024-03-25T02:12:37Z</time></trkpt>
      <trkpt lat="-48.87599" lon="-123.38164"><ele>5.8</ele><time>2024-03-25T02:12:38Z</time></trkpt>
      <trkpt lat="-48.87599" lon="-123.38166"><ele>5.8</ele><time>2024-03-25T02:12:39Z</time></trkpt>
      <trkpt lat="-48.87600" lon="-123.38168"><ele>5.8</ele><time>2024-03-25T02:12:40Z</time></trkpt>
      <trkpt lat="-48.87600" lon="-123.38169"><ele>5.8</ele><time>2024-03-25T02:12:41Z</time></trkpt>
      <trkpt lat="-48.87600" lon="-123.38171"><ele>5.8</ele><time>2024-03-25T02:12:42Z</time></trkpt>
      <trkpt lat="-48.87600" lon="-123.38174"><ele>5.8</ele><time>2024-03-25T02:12:43Z</time></trkpt>
      <trkpt lat="-48.87600" lon="-123.38175"><ele>5.8</ele><time>2024-03-25T02:12:44Z</time></trkpt>
      <trkpt lat="-48.87600" lon="-123.38177"><ele>5.8</ele><time>2024-03-25T02:12:45Z</time></trkpt>
      <trkpt lat="-48.87601" lon="-123.38180"><ele>5.8</ele><time>2024-03-25T02:12:46Z</time></trkpt>
      <trkpt lat="-48.87601" lon="-123.38181"><ele>5.8</ele><time>2024-03-25T02:12:47Z</time></trkpt>
      <trkpt lat="-48.87601" lon="-123.38183"><ele>5.8</ele><time>2024-03-25T02:12:48Z</time></trkpt>
      <trkpt lat="-48.87602" lon="-123.38185"><ele>5.8</ele><time>2024-03-25T02:12:50Z</time></trkpt>
      <trkpt lat="-48.87602" lon="-123.38188"><ele>5.8</ele><time>2024-03-25T02:12:51Z</time></trkpt>
      <trkpt lat="-48.87602" lon="-123.38190"><ele>5.8</ele><time>2024-03-25T02:12:52Z</time></trkpt>
      <trkpt lat="-48.87603" lon="-123.38192"><ele>5.8</ele><time>2024-03-25T02:12:53Z</time></trkpt>
      <trkpt lat="-48.87603" lon="-123.38196"><ele>5.8</ele><time>2024-03-25T02:12:55Z</time></trkpt>
      <trkpt lat="-48.87603" lon="-123.38197"><ele>5.8</ele><time>2024-03-25T02:12:56Z</time></trkpt>
      <trkpt lat="-48.87604" lon="-123.38199"><ele>5.8</ele><time>2024-03-25T02:12:57Z</time></trkpt>
      <trkpt lat="-48.87604" lon="-123.38202"><ele>5.8</ele><time>2024-03-25T02:12:58Z</time></trkpt>
      <trkpt lat="-48.87604" lon="-123.38203"><ele>5.8</ele><time>2024-03-25T02:12:59Z</time></trkpt>
      <trkpt lat="-48.87604" lon="-123.38205"><ele>5.8</ele><time>2024-03-25T02:13:00Z</time></trkpt>
      <trkpt lat="-48.87605" lon="-123.38206"><ele>5.8</ele><time>2024-03-25T02:13:01Z</time></trkpt>
      <trkpt lat="-48.87605" lon="-123.38208"><ele>5.8</ele><time>2024-03-25T02:13:02Z</time></trkpt>
      <trkpt lat="-48.87606" lon="-123.38210"><ele>5.8</ele><time>2024-03-25T02:13:03Z</time></trkpt>
      <trkpt lat="-48.87606" lon="-123.38212"><ele>5.8</ele><time>2024-03-25T02:13:04Z</time></trkpt>
      <trkpt lat="-48.87606" lon="-123.38214"><ele>5.8</ele><time>2024-03-25T02:13:05Z</time></trkpt>
      <trkpt lat="-48.87607" lon="-123.38215"><ele>5.8</ele><time>2024-03-25T02:13:06Z</time></trkpt>
      <trkpt lat="-48.87607" lon="-123.38217"><ele>5.8</ele><time>2024-03-25T02:13:07Z</time></trkpt>
      <trkpt lat="-48.87607" lon="-123.38218"><ele>5.8</ele><time>2024-03-25T02:13:08Z</time></trkpt>
      <trkpt lat="-48.87608" lon="-123.38220"><ele>5.8</ele><time>2024-03-25T02:13:09Z</time></trkpt>
      <trkpt lat="-48.87608" lon="-123.38221"><ele>5.8</ele><time>2024-03-25T02:13:10Z</time></trkpt>
      <trkpt lat="-48.87608" lon="-123.38223"><ele>5.8</ele><time>2024-03-25T02:13:11Z</time></trkpt>
      <trkpt lat="-48.87609" lon="-123.38225"><ele>5.8</ele><time>2024-03-25T02:13:12Z</time></trkpt>
      <trkpt lat="-48.87609" lon="-123.38226"><ele>5.8</ele><time>2024-03-25T02:13:13Z</time></trkpt>
      <trkpt lat="-48.87609" lon="-123.38228"><ele>5.8</ele><time>2024-03-25T02:13:14Z</time></trkpt>
      <trkpt lat="-48.87609" lon="-123.38229"><ele>5.8</ele><time>2024-03-25T02:13:15Z</time></trkpt>
      <trkpt lat="-48.87610" lon="-123.38230"><ele>5.8</ele><time>2024-03-25T02:13:17Z</time></trkpt>
      <trkpt lat="-48.87610" lon="-123.38231"><ele>5.8</ele><time>2024-03-25T02:13:18Z</time></trkpt>
      <trkpt lat="-48.87610" lon="-123.38234"><ele>5.8</ele><time>2024-03-25T02:13:20Z</time></trkpt>
      <trkpt lat="-48.87611" lon="-123.38235"><ele>5.8</ele><time>2024-03-25T02:13:21Z</time></trkpt>
      <trkpt lat="-48.87611" lon="-123.38235"><ele>5.8</ele><time>2024-03-25T02:13:22Z</time></trkpt>
      <trkpt lat="-48.87611" lon="-123.38236"><ele>5.8</ele><time>2024-03-25T02:13:23Z</time></trkpt>
      <trkpt lat="-48.87611" lon="-123.38236"><ele>5.8</ele><time>2024-03-25T02:13:24Z</time></trkpt>
      <trkpt lat="-48.87611" lon="-123.38236"><ele>5.8</ele><time>2024-03-25T02:13:25Z</time></trkpt>
      <trkpt lat="-48.87611" lon="-123.38236"><ele>5.8</ele><time>2024-03-25T02:13:26Z</time></trkpt>
      <trkpt lat="-48.87611" lon="-123.38236"><ele>5.8</ele><time>2024-03-25T02:13:27Z</time></trkpt>
      <trkpt lat="-48.87611" lon="-123.38236"><ele>5.8</ele><time>2024-03-25T02:13:28Z</time></trkpt>
      <trkpt lat="-48.87611" lon="-123.38236"><ele>5.8</ele><time>2024-03-25T02:13:29Z</time></trkpt>
      <trkpt lat="-48.87611" lon="-123.38237"><ele>5.8</ele><time>2024-03-25T02:13:30Z</time></trkpt>
      <trkpt lat="-48.87611" lon="-123.38238"><ele>5.8</ele><time>2024-03-25T02:13:32Z</time></trkpt>
      <trkpt lat="-48.87612" lon="-123.38244"><ele>5.7</ele><time>2024-03-25T02:13:42Z</time></trkpt>
      <trkpt lat="-48.87612" lon="-123.38244"><ele>5.7</ele><time>2024-03-25T02:13:50Z</time></trkpt>
      <trkpt lat="-48.87612" lon="-123.38244"><ele>5.7</ele><time>2024-03-25T02:13:54Z</time></trkpt>
    </trkseg>
  </trk>
</gpx>
